url,ground_truth,ground_truth_class,phiusiil_index,error_type,error_message,elapsed_sec
https://www.cbpbook.com,0,legitimate,25705,timeout,Exceeded 90s,90.015
http://www.nbipiubmedcw.com,1,phishing,186598,timeout,Exceeded 90s,90.013
https://www.gypsumceilingkenya.co.ke,0,legitimate,60212,timeout,Exceeded 90s,90.002
http://www.logowrench.website,1,phishing,64448,timeout,Exceeded 90s,90.002
https://atttyguftyr7.boxmode.io/,1,phishing,96997,timeout,Exceeded 90s,90.014
http://www.weddingsbyiceberg.com,1,phishing,193695,timeout,Exceeded 90s,90.002
https://www.prospectsplus.com,0,legitimate,16721,timeout,Exceeded 90s,90.005
http://www.clickrapidoonline.com,1,phishing,59772,timeout,Exceeded 90s,90.003
https://www.fossilebtp.fr,0,legitimate,35909,timeout,Exceeded 90s,90.007
https://accepupdeting.start.page/,1,phishing,811,timeout,Exceeded 90s,90.013
https://www.enzyklo.de,0,legitimate,42071,timeout,Exceeded 90s,90.001
https://tinyurl.com/n46yywaw,1,phishing,196816,timeout,Exceeded 90s,90.006
https://www.isenburg-zentrum.com,0,legitimate,13955,timeout,Exceeded 90s,90.005
http://www.whatismyip.li,1,phishing,221348,timeout,Exceeded 90s,90.009
https://www.moreprepared.com,0,legitimate,186235,timeout,Exceeded 90s,90.013
https://www.teamgale.net,0,legitimate,208416,timeout,Exceeded 90s,90.01
https://publis.start.page/,1,phishing,39478,timeout,Exceeded 90s,90.009
http://www.iceanedy.com,1,phishing,45977,timeout,Exceeded 90s,90.008
https://www.showtv.com.tr,0,legitimate,101965,timeout,Exceeded 90s,90.01
https://www.cosbid.org,0,legitimate,176408,timeout,Exceeded 90s,90.001
https://www.boa-constrictors.com,0,legitimate,21408,timeout,Exceeded 90s,90.005
https://www.finduniversity.ph,0,legitimate,225027,timeout,Exceeded 90s,90.005
http://www.hareland.info,1,phishing,131667,timeout,Exceeded 90s,90.006
https://www.dogsbodynet.com,0,legitimate,60907,timeout,Exceeded 90s,90.015
https://www.anextour.com.ua,0,legitimate,136866,timeout,Exceeded 90s,90.015
https://www.townofgypsum.com,0,legitimate,65619,timeout,Exceeded 90s,90.004
https://www.xjkunlun.cn,0,legitimate,82714,timeout,Exceeded 90s,90.004
https://www.corkrdo.ie,0,legitimate,10746,timeout,Exceeded 90s,90.003
https://storageapi.fleek.co/b620e7da-f4f5-4e6e-8d8e-8c4c3783180b-bucket/vat13/index.html,1,phishing,197020,timeout,Exceeded 90s,90.006
https://www.anamosa.k12.ia.us,0,legitimate,176855,timeout,Exceeded 90s,90.009
https://nosposte458d.yolasite.com/,1,phishing,89629,timeout,Exceeded 90s,90.003
https://www.poestrong.com,0,legitimate,94027,timeout,Exceeded 90s,90.013
https://www.mcdonalds.rs,0,legitimate,6313,timeout,Exceeded 90s,90.009
http://www.bxgjiage.com,1,phishing,72090,timeout,Exceeded 90s,90.007
https://formaloo.net/2plv4,1,phishing,199154,timeout,Exceeded 90s,90.001
http://www.hnjhkm.com,1,phishing,175780,timeout,Exceeded 90s,90.013
https://storageapi.fleek.co/7199a3c8-6999-4bcf-ab21-df4f03a355f8-bucket/wins.html,1,phishing,229711,timeout,Exceeded 90s,90.014
http://uhcthankyou.com,1,phishing,119711,timeout,Exceeded 90s,90.013
https://sites.google.com/view/mobile-redirect-system,1,phishing,135053,timeout,Exceeded 90s,90.006
http://www.inducar.kinghost.net,1,phishing,28703,timeout,Exceeded 90s,90.004
https://www.respectmyregion.com,0,legitimate,115233,timeout,Exceeded 90s,90.015
https://www.catchyfreebies.com,0,legitimate,206146,timeout,Exceeded 90s,90.011
https://case1009841851085.web.app/,1,phishing,42367,timeout,Exceeded 90s,90.01
https://www.conspiracyarchive.com,0,legitimate,29936,timeout,Exceeded 90s,90.002
https://www.chalani.net,0,legitimate,233545,timeout,Exceeded 90s,90.008
https://www.chcs.org,0,legitimate,85297,timeout,Exceeded 90s,90.011
http://www.kenniscourtureconsignments.com,1,phishing,201507,timeout,Exceeded 90s,90.002
https://www.kyushuandtokyo.org,0,legitimate,104951,timeout,Exceeded 90s,90.01
https://www.bestmastersprograms.org,0,legitimate,178210,timeout,Exceeded 90s,90.013
http://www.institutohumanus.org.br,1,phishing,154274,timeout,Exceeded 90s,90.009
https://www.istinye.edu.tr,0,legitimate,139922,timeout,Exceeded 90s,90.012
https://rcl.ink/lwlbz,1,phishing,146552,timeout,Exceeded 90s,90.005
https://www.uwp.co.uk,0,legitimate,209808,timeout,Exceeded 90s,90.012
https://gateway.pinata.cloud/ipfs/bafybeidralia2bkrev43jlnhhxyadvex4xa7tmzzc3kuasqz6ukhrl5r7q,1,phishing,107035,timeout,Exceeded 90s,90.01
https://www.aramlibrary.org,0,legitimate,124511,timeout,Exceeded 90s,90.011
http://www.ebumna.net,1,phishing,50405,timeout,Exceeded 90s,90.005
https://www.cittadellaspezia.com,0,legitimate,11610,timeout,Exceeded 90s,90.01
https://www.vase.com.au,0,legitimate,178260,timeout,Exceeded 90s,90.0
http://www.micronews.eu,1,phishing,213909,timeout,Exceeded 90s,90.011
https://www.augoustinos-kantiotis.gr,0,legitimate,30459,timeout,Exceeded 90s,90.008
https://www.danobrien.com,0,legitimate,105374,timeout,Exceeded 90s,90.005
https://www.apteka-sadivnyka.ua/alegrospolish/0/,1,phishing,116040,timeout,Exceeded 90s,90.003
https://www.karikatur-museum.de,0,legitimate,143229,timeout,Exceeded 90s,90.008
https://csvhwubije.firebaseapp.com/,1,phishing,136261,timeout,Exceeded 90s,90.013
http://pageescovery11292022.rf.gd/,1,phishing,129655,timeout,Exceeded 90s,90.004
https://www.nssoud.cz,0,legitimate,200178,timeout,Exceeded 90s,90.009
http://www.trianting.com,1,phishing,196248,timeout,Exceeded 90s,90.003
https://www.stylesimpler.com,0,legitimate,123177,timeout,Exceeded 90s,90.009
http://www.radiosdepanama.net,1,phishing,10783,timeout,Exceeded 90s,90.01
http://www.timbo.noip.biz,1,phishing,28665,timeout,Exceeded 90s,90.01
https://www.granger.com,0,legitimate,150507,timeout,Exceeded 90s,90.012
http://www.sales-offices.com,1,phishing,128289,timeout,Exceeded 90s,90.008
https://www.nouvelles-du-monde.com,0,legitimate,73439,timeout,Exceeded 90s,90.009
https://www.judiciaryreport.com,0,legitimate,3324,timeout,Exceeded 90s,90.007
https://www.waterfordvikingmarathon.com,0,legitimate,66409,timeout,Exceeded 90s,90.003
https://www.educommons.com,0,legitimate,150832,timeout,Exceeded 90s,90.009
https://www.handisport.org,0,legitimate,32513,timeout,Exceeded 90s,90.009
https://www.duesseldorfer-anzeiger.de,0,legitimate,61089,timeout,Exceeded 90s,90.008
https://v.ht/xonp?confirmation_facebook_report,1,phishing,25959,timeout,Exceeded 90s,90.004
https://www.912337.com,1,phishing,117821,timeout,Exceeded 90s,90.003
http://www.merchasylum.net,1,phishing,165930,timeout,Exceeded 90s,90.01
https://orangefr92.yolasite.com/,1,phishing,150725,timeout,Exceeded 90s,90.01
https://www.dearrivarie.com,0,legitimate,201611,timeout,Exceeded 90s,90.012
https://www.mtgox.com,0,legitimate,122557,timeout,Exceeded 90s,90.005
http://www.ellgjtss.info,1,phishing,158106,timeout,Exceeded 90s,90.007
https://www.patbusch.co.za,0,legitimate,111846,timeout,Exceeded 90s,90.0
https://www.bridewants.ca,0,legitimate,68950,timeout,Exceeded 90s,90.006
https://www.meppublishers.com,0,legitimate,217720,timeout,Exceeded 90s,90.003
https://www.cheekymonkeystudio.co.uk,0,legitimate,185645,timeout,Exceeded 90s,90.016
https://www.openmoji.org,0,legitimate,198733,timeout,Exceeded 90s,90.01
https://sc.link/73398,1,phishing,161461,timeout,Exceeded 90s,90.006
https://www.yourhormones.com,0,legitimate,179224,timeout,Exceeded 90s,90.006
https://gospolum.firebaseapp.com/,1,phishing,118545,timeout,Exceeded 90s,90.003
https://outuuk.webcindario.com/,1,phishing,109775,timeout,Exceeded 90s,90.007
http://www.rkkdlaw.com,1,phishing,3494,timeout,Exceeded 90s,90.006
https://otech-bd.com/,1,phishing,228362,timeout,Exceeded 90s,90.001
https://www.asid.org,0,legitimate,49664,timeout,Exceeded 90s,90.013
http://www.hkmysan.com,1,phishing,195663,timeout,Exceeded 90s,90.007
https://www.wolframfoundation.org,0,legitimate,205536,timeout,Exceeded 90s,90.015
http://www.playfire.online,1,phishing,145106,timeout,Exceeded 90s,90.013
https://www.diendan.org,0,legitimate,63582,timeout,Exceeded 90s,90.005
http://www.oingee.pw,1,phishing,178505,timeout,Exceeded 90s,90.002
http://www.msmodule.net,1,phishing,25679,timeout,Exceeded 90s,90.005
http://www.amazcazzm-co-jp.amazzcocn.77271.top/,1,phishing,9758,timeout,Exceeded 90s,90.003
https://www.cab.gov.ph,0,legitimate,21026,timeout,Exceeded 90s,90.012
http://www.lookasjames.000space.com,1,phishing,12670,timeout,Exceeded 90s,90.009
https://loginscreen.boxmode.io/,1,phishing,106045,timeout,Exceeded 90s,90.003
https://www.steveherlihyphotography.com,0,legitimate,51433,timeout,Exceeded 90s,90.013
https://www.papercall.io,0,legitimate,121365,timeout,Exceeded 90s,90.009
https://www.tempo.velingrad.com,0,legitimate,121676,timeout,Exceeded 90s,90.006
https://www.aspenideas.org,0,legitimate,132934,timeout,Exceeded 90s,90.005
http://www.veeok.com,1,phishing,7908,timeout,Exceeded 90s,90.0
https://www.valmaxtrading.com/wp-admin,1,phishing,160513,timeout,Exceeded 90s,90.006
http://www.ukrainecenter.yolasite.com,1,phishing,118779,timeout,Exceeded 90s,90.015
http://www.infos.st,1,phishing,9284,timeout,Exceeded 90s,90.002
https://gateway.pinata.cloud/ipfs/bafybeicelq62eyiaaf2tbn4sq4dze2os3tn7xfw4t4xrxp2bicknrwwv2e/intelresu_onedrive630.html,1,phishing,49538,timeout,Exceeded 90s,90.014
https://www.rupertport.com,0,legitimate,68130,timeout,Exceeded 90s,90.011
https://www.13hairsalon.com,0,legitimate,26546,timeout,Exceeded 90s,90.011
http://www.taketodjnfnei898.ueuo.com,1,phishing,83869,timeout,Exceeded 90s,90.005
http://www.capodannoinversilia.com,1,phishing,43710,timeout,Exceeded 90s,90.014
https://www.aerisweather.com,0,legitimate,172456,timeout,Exceeded 90s,90.012
https://www.pdc.tv,0,legitimate,176804,timeout,Exceeded 90s,90.003
https://busisnisreporteds.start.page/,1,phishing,206493,timeout,Exceeded 90s,90.012
http://www.dynserv.net,1,phishing,38150,timeout,Exceeded 90s,90.015
http://www.ipbuzz.net,1,phishing,69532,timeout,Exceeded 90s,90.011
https://www.nfrs.org,0,legitimate,209313,timeout,Exceeded 90s,90.009
https://4validarbhdleon49do.jimdosite.com/,1,phishing,155886,timeout,Exceeded 90s,90.008
https://www.vanburencounty.iowa.gov,0,legitimate,88903,timeout,Exceeded 90s,90.005
https://www.korpscommandotroepen.nl,0,legitimate,40618,timeout,Exceeded 90s,90.001
http://www.designer.welco.live,1,phishing,208614,timeout,Exceeded 90s,90.012
http://www.selberherrlab.com,1,phishing,135813,timeout,Exceeded 90s,90.011
https://gateway.pinata.cloud/ipfs/bafybeia3zog5jsog6dtfi236ekssvywatgeg6logudrwbt2ll6boim3zqa/kinmhaoo@!265,1,phishing,218771,timeout,Exceeded 90s,90.015
http://www.kidala.info,1,phishing,161256,timeout,Exceeded 90s,90.015
https://megyar-post.web.app/,1,phishing,207421,timeout,Exceeded 90s,90.015
https://www.uniortepidshowroom.ro,0,legitimate,70641,timeout,Exceeded 90s,90.005
https://www.eparhija.me,0,legitimate,63316,timeout,Exceeded 90s,90.008
https://www.21st.com,0,legitimate,130962,timeout,Exceeded 90s,90.007
http://www.pricecutautosales.com,1,phishing,222604,timeout,Exceeded 90s,90.005
http://www.bgl.ink,1,phishing,182532,timeout,Exceeded 90s,90.013
https://www.arqiva.com,0,legitimate,190684,timeout,Exceeded 90s,90.004
https://www.stockholmshem.se,0,legitimate,106671,timeout,Exceeded 90s,90.01
http://www.pieupdate.online,1,phishing,78557,timeout,Exceeded 90s,90.001
http://www.consultantdeck.com/lg/6fafd271753719944c85eccb8515666fafd6fafd2717537199427db76fafd271753719944c85eccb8515666fafd27175371994c85eccb8515666fafd27b101b1ea/c/3624b6414/signin.php,1,phishing,51920,timeout,Exceeded 90s,90.004
https://www.swisseduc.ch,0,legitimate,204137,timeout,Exceeded 90s,90.009
https://www.goleader.com,0,legitimate,48902,timeout,Exceeded 90s,90.009
https://metafb-iacdqc5.firebaseapp.com/,1,phishing,231708,timeout,Exceeded 90s,90.003
https://www.cis.lmu.de,0,legitimate,710,timeout,Exceeded 90s,90.015
https://www.nebeska.eu,0,legitimate,153476,timeout,Exceeded 90s,90.01
https://storageapi.fleek.co/8f2fa405-3ce4-4605-8deb-082636751e2b-bucket/webhost5/index.html,1,phishing,75685,timeout,Exceeded 90s,90.012
http://www.serveblog.net,1,phishing,158065,timeout,Exceeded 90s,90.002
https://www.bluetimecollaborative.com,0,legitimate,142129,timeout,Exceeded 90s,90.013
https://www.sovsekretno.ru,0,legitimate,176938,timeout,Exceeded 90s,90.0
https://www.roadsafetysupport.co.uk,0,legitimate,182624,timeout,Exceeded 90s,90.013
https://www.johntwelvehawks.com,0,legitimate,82338,timeout,Exceeded 90s,90.013
http://www.phasdesign.com,1,phishing,175994,timeout,Exceeded 90s,90.015
http://www.win10-ms.c1.biz,1,phishing,78870,timeout,Exceeded 90s,90.006
https://www.futuremarketinsights.com,0,legitimate,217920,timeout,Exceeded 90s,90.009
http://www.ru.gp,1,phishing,33727,timeout,Exceeded 90s,90.012
https://storageapi.fleek.co/8388ea6f-a492-4c32-89d4-36c6296384bc-bucket/seb/index(1).html,1,phishing,189135,timeout,Exceeded 90s,90.013
https://www.sakuramobile.jp,0,legitimate,21899,timeout,Exceeded 90s,90.013
https://www.stampedconcrete.org,0,legitimate,55896,timeout,Exceeded 90s,90.009
http://www.olmarc.com,1,phishing,107219,timeout,Exceeded 90s,90.002
http://www.incor.xyz,1,phishing,8687,timeout,Exceeded 90s,90.007
http://www.onlinebuygold.com,1,phishing,108517,timeout,Exceeded 90s,90.002
http://www.yfeu.fburl.fun,1,phishing,96138,timeout,Exceeded 90s,90.013
https://www.getthedata.com,0,legitimate,160799,timeout,Exceeded 90s,90.012
http://sacwebappitau.webcindario.com/,1,phishing,24323,timeout,Exceeded 90s,90.014
http://www.hbhybw888.com,1,phishing,121629,timeout,Exceeded 90s,90.004
https://www.lamb-of-god.com,0,legitimate,137623,timeout,Exceeded 90s,90.014
https://storageapi.fleek.one/5d7f4aaf-7095-461a-85d5-4c61075e81c5-bucket/owainshadrtfyuijoiuytfdrsewszxdcfgvbhjnmkmjhgfdrftgyuhjiuyhtrfd2/index.html,1,phishing,39536,timeout,Exceeded 90s,90.01
https://storageapi.fleek.co/9f8d1f4a-5e8d-4843-bf30-4886d4379c42-bucket/aduconfig.html,1,phishing,114990,timeout,Exceeded 90s,90.004
http://www.duckzone.kilu.de,1,phishing,9357,timeout,Exceeded 90s,90.005
https://www.thewonderforest.com,0,legitimate,62899,timeout,Exceeded 90s,90.001
http://www.x10hosting.com,1,phishing,219517,timeout,Exceeded 90s,90.012
https://www.beautiful-landscape.com,0,legitimate,50477,timeout,Exceeded 90s,90.01
https://www.oakislandmoneypit.com,0,legitimate,177417,timeout,Exceeded 90s,90.006
https://www.medievalsoldier.org,0,legitimate,100940,timeout,Exceeded 90s,90.015
http://www.alphabrainbalancing.com,1,phishing,176080,timeout,Exceeded 90s,90.007
http://www.progsupdate.com,1,phishing,155541,timeout,Exceeded 90s,90.006
http://www.universalamity.org,1,phishing,18717,timeout,Exceeded 90s,90.005
https://www.aliedwards.com,0,legitimate,214483,timeout,Exceeded 90s,90.014
https://www.travel-culture.com,0,legitimate,109624,timeout,Exceeded 90s,90.002
https://s3.amazonaws.com/appforest_uf/f1675974618448x596179310737757600/4190.html?email,1,phishing,112852,timeout,Exceeded 90s,90.004
http://www.fast-cargo.com,1,phishing,57605,timeout,Exceeded 90s,90.01
https://21-040-0-93-58gt-37gty-085ghf-38rvgb-38.obs.ap-southeast-3.myhuaweicloud.com/0cv-w9rbvp-qwdibcv8gw-8piergvf0-qe9gfqqq.html?awsaccesskeyid=fkayampi33fuqax8fbag&amp;expires=1682085395&amp;signature=pi4f8f2tgv24urhm8tilzzfyvbe%3d#webmaster@cuni.cz,1,phishing,184886,timeout,Exceeded 90s,90.006
https://retagal36saraz.start.page/,1,phishing,43962,timeout,Exceeded 90s,90.001
https://www.cv.edu,0,legitimate,52570,timeout,Exceeded 90s,90.0
https://www.visual-home.es,0,legitimate,302,timeout,Exceeded 90s,90.012
https://www.koms.se,0,legitimate,79563,timeout,Exceeded 90s,90.011
https://www.masa-hr.org,0,legitimate,176077,timeout,Exceeded 90s,90.013
http://www.blacksmithbooks.com,1,phishing,36733,timeout,Exceeded 90s,90.013
http://www.identifier-service-verify.site,1,phishing,80638,timeout,Exceeded 90s,90.002
http://www.nanshou.fburl.fun,1,phishing,74911,timeout,Exceeded 90s,90.015
https://www.mainpost.de,0,legitimate,68741,timeout,Exceeded 90s,90.005
http://nvidia1651665403.zendesk.com/,1,phishing,178490,timeout,Exceeded 90s,90.013
https://bellsouth-onlineverification0.yolasite.com/,1,phishing,26827,timeout,Exceeded 90s,90.002
https://www.nesodden.kommune.no,0,legitimate,88516,timeout,Exceeded 90s,90.006
https://www.electricitylocal.com,0,legitimate,98851,timeout,Exceeded 90s,90.0
https://www.independentauthornetwork.com,0,legitimate,165175,timeout,Exceeded 90s,90.014
https://qontomsg04.firebaseapp.com/,1,phishing,179771,timeout,Exceeded 90s,90.006
https://www.worldairlineawards.com,0,legitimate,136881,timeout,Exceeded 90s,90.015
https://www.caninecountryclubaz.com,0,legitimate,188698,timeout,Exceeded 90s,90.008
https://www.tus.ac.jp,0,legitimate,53555,timeout,Exceeded 90s,90.015
http://www.coaazbs.net,1,phishing,60400,timeout,Exceeded 90s,90.004
https://www.filmincolorado.com,0,legitimate,144754,timeout,Exceeded 90s,90.009
https://www.asiawaves.net,0,legitimate,176299,timeout,Exceeded 90s,90.006
https://www.whitedogbikes.com,0,legitimate,158046,timeout,Exceeded 90s,90.002
https://www.theundershop.cc/0532311.ftw/hs2.html#mtanaka@kohyo.nl,1,phishing,140459,timeout,Exceeded 90s,90.014
https://www.povray.org,0,legitimate,105681,timeout,Exceeded 90s,90.009
https://tribelio.page/ytrytryeyeyt65345rtsgshjv,1,phishing,185730,timeout,Exceeded 90s,90.004
http://www.my-rigs.com,1,phishing,125184,timeout,Exceeded 90s,90.005
https://www.instockfasteners.com,0,legitimate,164516,timeout,Exceeded 90s,90.015
http://www.mymathlabhomework.com,1,phishing,70770,timeout,Exceeded 90s,90.013
https://www.capmetro.org,0,legitimate,194728,timeout,Exceeded 90s,90.01
https://www.yagiz.com.au/wp/step1.html,1,phishing,226308,timeout,Exceeded 90s,90.0
https://office-shared.idoc.workers.dev/,1,phishing,158023,timeout,Exceeded 90s,90.01
https://pub-ee886af358e64578916173d597154d3e.r2.dev/allen.html,1,phishing,195738,timeout,Exceeded 90s,90.007
https://www.sbk.org,0,legitimate,74758,timeout,Exceeded 90s,90.011
https://www.andhrauniversity.edu.in,0,legitimate,180945,timeout,Exceeded 90s,90.015
https://www.webdmg.com,0,legitimate,28506,timeout,Exceeded 90s,90.009
https://www.realchangenews.org,0,legitimate,171356,timeout,Exceeded 90s,90.007
https://www.comunicazionevirale.it,0,legitimate,128011,timeout,Exceeded 90s,90.001
https://www.armstrongceilings.com,0,legitimate,68361,timeout,Exceeded 90s,90.012
https://www.byzcath.org,0,legitimate,191070,timeout,Exceeded 90s,90.001
http://uph0ldlgin.mystrikingly.com/,1,phishing,235418,timeout,Exceeded 90s,90.005
http://www.tpbproxyone.org,1,phishing,141233,timeout,Exceeded 90s,90.007
http://www.s443.com,1,phishing,26481,timeout,Exceeded 90s,90.002
https://s.id/verificabancodesio,1,phishing,93290,timeout,Exceeded 90s,90.007
http://www.ws009.hemnes.win,1,phishing,183712,timeout,Exceeded 90s,90.008
https://www.higheredtoday.org,0,legitimate,28862,timeout,Exceeded 90s,90.007
https://www.agendia.co,0,legitimate,56392,timeout,Exceeded 90s,90.01
https://storageapi.fleek.co/008009aa-0c78-42dc-a70d-c23181f54038-bucket/validatesession21/index.html,1,phishing,54000,timeout,Exceeded 90s,90.001
https://www.spc.int,0,legitimate,67137,timeout,Exceeded 90s,90.015
https://t.ly/cw5yj3rivers/verifyto,1,phishing,91986,timeout,Exceeded 90s,90.01
https://ipfs.litnet.work/ipfs/bafybeicgdixfpwj4qebnisccqk3n424xj5logesxktswzli32ujfj6ydjy,1,phishing,47721,timeout,Exceeded 90s,90.005
https://domappcheckomeg29.web.app/,1,phishing,217966,timeout,Exceeded 90s,90.007
https://www.frontalot.com,0,legitimate,129803,timeout,Exceeded 90s,90.0
http://www.atomythai.com,1,phishing,99793,timeout,Exceeded 90s,90.001
https://www.arkoselabs.com,0,legitimate,42004,timeout,Exceeded 90s,90.015
http://www.cover-home-page.site,1,phishing,149292,timeout,Exceeded 90s,90.005
https://service654.godaddysites.com/,1,phishing,149160,timeout,Exceeded 90s,90.004
https://organisasi.bulungan.go.id/public/5izrjsmjanwxdtm67rsun3tlpkdvcp0t,1,phishing,146789,timeout,Exceeded 90s,90.005
http://www.123xxbb.com,1,phishing,53931,timeout,Exceeded 90s,90.006
https://www.wmht.org,0,legitimate,119692,timeout,Exceeded 90s,90.003
http://www.longwoodlife.com,1,phishing,91379,timeout,Exceeded 90s,90.015
https://www.learngaelic.net,0,legitimate,215954,timeout,Exceeded 90s,90.012
https://www.versoflor.de,1,phishing,45505,timeout,Exceeded 90s,90.0
http://www.wiki.lc,1,phishing,12835,timeout,Exceeded 90s,90.0
https://www.tomslatin.com,0,legitimate,79129,timeout,Exceeded 90s,90.002
https://s.id/1g51e,1,phishing,234024,timeout,Exceeded 90s,90.009
http://www.z96774t7.beget.tech,1,phishing,157378,timeout,Exceeded 90s,90.009
https://www.csjo.org,0,legitimate,189258,timeout,Exceeded 90s,90.014
http://www.thexanhmy.com,1,phishing,30356,timeout,Exceeded 90s,90.013
https://www.eatsleepliveherefordshire.co.uk,0,legitimate,109797,timeout,Exceeded 90s,90.015
http://www.smelecpro.com,1,phishing,90605,timeout,Exceeded 90s,90.015
https://www.ambtechonline.com,1,phishing,7781,timeout,Exceeded 90s,90.004
https://chasebnkonline.firebaseapp.com/,1,phishing,159774,timeout,Exceeded 90s,90.008
https://www.tiestolive.fr,0,legitimate,102251,timeout,Exceeded 90s,90.015
https://www.makelinux.net,0,legitimate,89426,timeout,Exceeded 90s,90.011
http://www.xyi876.com,1,phishing,68671,timeout,Exceeded 90s,90.013
https://www.batikamarillis-shop.com,0,legitimate,131741,timeout,Exceeded 90s,90.008
https://gateway.pinata.cloud/ipfs/bafybeidszm5hjkodoz44tw2fpdiaomoanrtpcqwf6ym236mjsxvop75paa//ddoonncn.html,1,phishing,88657,timeout,Exceeded 90s,90.005
http://www.arcadebouwconsult.com,1,phishing,97501,timeout,Exceeded 90s,90.002
http://www.fjtlephare.fr,1,phishing,227686,timeout,Exceeded 90s,90.003
http://houseofshiatsu.com/wp-admin/includes/pos/colis/post/verification,1,phishing,140499,timeout,Exceeded 90s,90.007
http://www.s2.play1.videos.videos.vidto.me,1,phishing,105202,timeout,Exceeded 90s,90.009
http://www.wisconsinmicrogreens.com,1,phishing,2981,timeout,Exceeded 90s,90.008
http://www.123kbkb.com,1,phishing,168505,timeout,Exceeded 90s,90.015
https://www.tescilli.com,1,phishing,41109,timeout,Exceeded 90s,90.008
https://lpdeymonblackfr.firebaseapp.com/,1,phishing,14569,timeout,Exceeded 90s,90.007
https://www.gimsblog.com,1,phishing,170596,timeout,Exceeded 90s,90.004
http://www.22y.cc,1,phishing,172650,timeout,Exceeded 90s,90.0
https://www.wpackagist.org,0,legitimate,189439,timeout,Exceeded 90s,90.001
https://www.amandlapublishers.co.za,0,legitimate,206336,timeout,Exceeded 90s,90.0
https://www.logisticsinsider.in,0,legitimate,64983,timeout,Exceeded 90s,90.011
http://www.skillsme.school,1,phishing,195764,timeout,Exceeded 90s,90.01
https://scr54-mttdx21.firebaseapp.com/,1,phishing,106969,timeout,Exceeded 90s,90.002
https://www.gmha.org,0,legitimate,166712,timeout,Exceeded 90s,90.001
https://www.artbypiyali.com,0,legitimate,8082,timeout,Exceeded 90s,90.016
http://www.chaton.live,1,phishing,179165,timeout,Exceeded 90s,90.006
https://www.ideracorp.com,0,legitimate,96545,timeout,Exceeded 90s,90.008
https://chanjcamsdri.web.app/,1,phishing,73348,timeout,Exceeded 90s,90.003
http://www.a.sg,1,phishing,221847,timeout,Exceeded 90s,90.015
https://www.wealthbox.com,0,legitimate,204876,timeout,Exceeded 90s,90.01
https://www.sgk.gov.tr,0,legitimate,196421,timeout,Exceeded 90s,90.002
https://09wefg-0e9htrg-09wj-0kcxwqcedjnfc0-dmkc-09cmjc.obs.ap-southeast-1.myhuaweicloud.com/5g09w3r-gkjwehjf-0kwqe0f-9ke0-fkj0-e9fj0-9e8fhj-0.htm?awsaccesskeyid=hdkbiw7pzxgbngsbb0lf&expires=1672260505&signature=ncatftluefqxgdbye0zwaaizxo4%3d,1,phishing,155448,timeout,Exceeded 90s,90.01
https://www.lovebeverlyhills.com,0,legitimate,184976,timeout,Exceeded 90s,90.011
https://www.city.nakano.nagano.jp,0,legitimate,50532,timeout,Exceeded 90s,90.008
http://www.travel-ag.com,1,phishing,49204,timeout,Exceeded 90s,90.004
https://www.thisweekinpinball.com,0,legitimate,8838,timeout,Exceeded 90s,90.004
http://5b0f6cb9-0485-4fc7-9775-eb74bb45bbf6.htmlcomponentservice.com/get_draft?id=5b0f6c_f517ab9feeccc2ff38640c21af682a18.html,1,phishing,175048,timeout,Exceeded 90s,90.008
http://www.theandersonco.com,1,phishing,191058,timeout,Exceeded 90s,90.014
https://www.meatingplace.com,0,legitimate,61694,timeout,Exceeded 90s,90.001
https://www.woodst.com,0,legitimate,17054,timeout,Exceeded 90s,90.0
https://case10005415641518.web.app/,1,phishing,165343,timeout,Exceeded 90s,90.013
https://www.dollarenergy.org,0,legitimate,123367,timeout,Exceeded 90s,90.012
https://www.mexicanwarstreets.org,0,legitimate,82385,timeout,Exceeded 90s,90.014
http://www.kinkeechow.shop.co,1,phishing,89149,timeout,Exceeded 90s,90.008
http://www.b7a3a060b75c7dcba9c1078d4ead51f0dc.ws,1,phishing,123,timeout,Exceeded 90s,90.003
https://www.waterefficientgardens.com,0,legitimate,79958,timeout,Exceeded 90s,90.001
https://quickmailmallerhahs83300303.boxmode.io/,1,phishing,186970,timeout,Exceeded 90s,90.009
http://banconacionaldecostaricainforma.iceiy.com,1,phishing,52472,timeout,Exceeded 90s,90.012
http://www.amazceom-co-jp.amazzeon.swcd.xyz/,1,phishing,187558,timeout,Exceeded 90s,90.008
https://www.education.gouv.fr/,1,phishing,36057,timeout,Exceeded 90s,90.006
http://crouchfamilymedicine.net/,1,phishing,229096,timeout,Exceeded 90s,90.011
https://online-acount-validat-e.on.fleek.co/valida-te#a@x.com,1,phishing,103485,timeout,Exceeded 90s,90.003
http://www.019863.pw,1,phishing,24852,timeout,Exceeded 90s,90.009
https://cutt.us/ggggeeenn,1,phishing,47581,timeout,Exceeded 90s,90.006
http://www.runhosting.com,1,phishing,39910,timeout,Exceeded 90s,90.009
https://www.cheese-burger.net,0,legitimate,66564,timeout,Exceeded 90s,90.014
https://www.transcab.com.sg,0,legitimate,188372,timeout,Exceeded 90s,90.001
https://www.prahladbubbar.com,0,legitimate,136192,timeout,Exceeded 90s,90.005
http://www.medianewsonline.com,1,phishing,234884,timeout,Exceeded 90s,90.007
https://www.marylandbiodiversity.com,0,legitimate,203544,timeout,Exceeded 90s,90.004
http://www.falcosokol.com,1,phishing,107667,timeout,Exceeded 90s,90.006
https://www.zhubert.com,0,legitimate,71866,timeout,Exceeded 90s,90.008
http://www.baileysepictravel.com,1,phishing,5871,timeout,Exceeded 90s,90.015
http://www.orayvpn.net,1,phishing,94592,timeout,Exceeded 90s,90.001
https://www.theister.com,0,legitimate,53310,timeout,Exceeded 90s,90.009
https://www.thehistorylist.com,0,legitimate,225208,timeout,Exceeded 90s,90.005
https://www.pinglin.ntpc.gov.tw,0,legitimate,80082,timeout,Exceeded 90s,90.005
https://coinchanger.cash,1,phishing,74268,timeout,Exceeded 90s,90.014
https://www.ww-kurier.de,0,legitimate,131437,timeout,Exceeded 90s,90.009
http://www.mkdevcorp.com,1,phishing,96106,timeout,Exceeded 90s,90.004
http://www.kisshentai.net,1,phishing,128861,timeout,Exceeded 90s,90.005
http://www.d303790c.top,1,phishing,179668,timeout,Exceeded 90s,90.008
http://www.arimena.com/login/one/,1,phishing,66136,timeout,Exceeded 90s,90.012
https://www.lillyingenhoven.com,0,legitimate,4855,timeout,Exceeded 90s,90.002
https://www.statisticsdonewrong.com,0,legitimate,2031,timeout,Exceeded 90s,90.014
https://www.publicsenat.fr,0,legitimate,135385,timeout,Exceeded 90s,90.007
https://www.sunmountaindoor.com,0,legitimate,235520,timeout,Exceeded 90s,90.003
https://www.directives.doe.gov,0,legitimate,192153,timeout,Exceeded 90s,90.01
http://5iww.short.gy/xsc9cz,1,phishing,141190,timeout,Exceeded 90s,90.006
https://www.parkforesthistory.org,0,legitimate,160160,timeout,Exceeded 90s,90.009
http://www.zakiehtejarat.com,1,phishing,58908,timeout,Exceeded 90s,90.008
https://www.adcouncil.org,0,legitimate,150251,timeout,Exceeded 90s,90.008
http://www.integralhome.net,1,phishing,92829,timeout,Exceeded 90s,90.014
https://www.coinsandcanada.com,0,legitimate,123414,timeout,Exceeded 90s,90.01
http://www.cn09435.tmweb.ru,1,phishing,147388,timeout,Exceeded 90s,90.002
https://www.limmaland.com,0,legitimate,34886,timeout,Exceeded 90s,90.0
https://www.ecumenicalnews.com,0,legitimate,82679,timeout,Exceeded 90s,90.0
http://www.urbanlivingrealty.com,1,phishing,187947,timeout,Exceeded 90s,90.003
http://www.bet5557.com,1,phishing,203669,timeout,Exceeded 90s,90.002
http://www.microsoftsupp.com,1,phishing,39515,timeout,Exceeded 90s,90.013
https://www.publictransportation.org,0,legitimate,18760,timeout,Exceeded 90s,90.011
http://www.0-0-0-0-0-0-0-0-0-0-0-0-0-9-0-0-0-0-0-0-0-0-0-0-0-0-0.info,1,phishing,174575,timeout,Exceeded 90s,90.014
https://www.coxspace.com,0,legitimate,10583,timeout,Exceeded 90s,90.004
https://signreporteds.start.page/,1,phishing,115314,timeout,Exceeded 90s,90.012
https://www.plannerandpaper.com,0,legitimate,116579,timeout,Exceeded 90s,90.011
https://aiblogger.in/newweb/adobe21/adobe/,1,phishing,129373,timeout,Exceeded 90s,90.0
http://www.microsoftcheckupdate.com,1,phishing,177151,timeout,Exceeded 90s,90.011
https://www.visitnorthumberland.com,0,legitimate,235497,timeout,Exceeded 90s,90.001
https://www.afmuseum.com,0,legitimate,54001,timeout,Exceeded 90s,90.005
https://servicefbhelpmeta.firebaseapp.com/,1,phishing,229428,timeout,Exceeded 90s,90.006
http://www.idoctorcloud.com,1,phishing,233474,timeout,Exceeded 90s,90.001
https://www.queensanniversaryprizes.org.uk,0,legitimate,42897,timeout,Exceeded 90s,90.012
https://www.cinema.com.hk,0,legitimate,96582,timeout,Exceeded 90s,90.007
https://banco-nacional-4.jimdosite.com/,1,phishing,97949,timeout,Exceeded 90s,90.003
https://www.france-universite-numerique.fr,0,legitimate,86554,timeout,Exceeded 90s,90.007
http://www.pathregretforce.com,1,phishing,121723,timeout,Exceeded 90s,90.007
https://s3.amazonaws.com/appforest_uf/f1680190263303x527483678808010800/index7.html?e=3d2696768757365696e40726872696e7465726e6174696f6e616c2e636f6d,1,phishing,208991,timeout,Exceeded 90s,90.006
http://ppl-metamask.42web.io/?i=1,1,phishing,2034,timeout,Exceeded 90s,90.005
http://www.mindhak.com,1,phishing,216551,timeout,Exceeded 90s,90.0
https://onpublishies-data69-centers.start.page/,1,phishing,146734,timeout,Exceeded 90s,90.006
http://www.tkk.fbcode.co,1,phishing,49428,timeout,Exceeded 90s,90.01
https://www.hani.co.kr,0,legitimate,46703,timeout,Exceeded 90s,90.009
https://www.visit-andalucia.com,0,legitimate,47629,timeout,Exceeded 90s,90.015
http://www.freefinder.me,1,phishing,104756,timeout,Exceeded 90s,90.006
http://www.jafivipu.biz,1,phishing,233359,timeout,Exceeded 90s,90.005
http://www.securitycode.eu,1,phishing,10298,timeout,Exceeded 90s,90.004
http://www.uka.me,1,phishing,27545,timeout,Exceeded 90s,90.003
http://www.yde.ws,1,phishing,78704,timeout,Exceeded 90s,90.005
https://www.pslc.ws,0,legitimate,135190,timeout,Exceeded 90s,90.006
http://www.fgnfdfthrv.bee.pl,1,phishing,92113,timeout,Exceeded 90s,90.003
https://s3.amazonaws.com/appforest_uf/f1676249732357x373764154259771600/index.html#amzn-noc-contact@amazon.com,1,phishing,151746,timeout,Exceeded 90s,90.005
https://www.vfl.de,0,legitimate,47443,timeout,Exceeded 90s,90.009
https://www.ohemgee.co.nz,0,legitimate,103776,timeout,Exceeded 90s,90.001
https://www.world-productions.com,0,legitimate,21163,timeout,Exceeded 90s,90.015
https://www.newresalhaider.com,0,legitimate,165895,timeout,Exceeded 90s,90.01
https://www.musicoff.com,0,legitimate,94969,timeout,Exceeded 90s,90.01
https://www.modiface.com,0,legitimate,31300,timeout,Exceeded 90s,90.015
https://account-access-view.firebaseapp.com/,1,phishing,53097,timeout,Exceeded 90s,90.015
https://www.charterstowers.qld.gov.au,0,legitimate,60903,timeout,Exceeded 90s,90.013
http://www.khelpdesk.com.br,1,phishing,192730,timeout,Exceeded 90s,90.01
https://caseid1008956783495835.firebaseapp.com/,1,phishing,102549,timeout,Exceeded 90s,90.007
https://www.sofer.co.uk,0,legitimate,160922,timeout,Exceeded 90s,90.01
https://storageapi.fleek.co/03d449d6-b735-4e8e-abc3-80154715a313-bucket/03/index%20(2)%20(2).html,1,phishing,234576,timeout,Exceeded 90s,90.007
https://www.jtu-net.or.jp,0,legitimate,33400,timeout,Exceeded 90s,90.008
http://www.thecovefishcamp.com,1,phishing,69996,timeout,Exceeded 90s,90.009
https://www.meribindiya.com,0,legitimate,158781,timeout,Exceeded 90s,90.001
https://www.laventanaindiscretadejulia.com,0,legitimate,68769,timeout,Exceeded 90s,90.004
https://www.pi2e.ch,0,legitimate,81493,timeout,Exceeded 90s,90.008
https://www.stoned-records.com,0,legitimate,33086,timeout,Exceeded 90s,90.001
http://www.jiongjia.com,1,phishing,213834,timeout,Exceeded 90s,90.0
http://www.charismaticilok.com,1,phishing,14699,timeout,Exceeded 90s,90.007
http://www.api.monerise.com,1,phishing,116824,timeout,Exceeded 90s,90.015
https://www.parlonsfiction.com,0,legitimate,115249,timeout,Exceeded 90s,90.013
https://www.ibfusbaregistration.com,0,legitimate,16194,timeout,Exceeded 90s,90.012
http://www.epica.life,1,phishing,186452,timeout,Exceeded 90s,90.014
http://terminatorsvideogame.com/u/mygovnew/security.html,1,phishing,50722,timeout,Exceeded 90s,90.011
https://www.bestgoodieshop.com,0,legitimate,190524,timeout,Exceeded 90s,90.006
https://www.bearssl.org,0,legitimate,185619,timeout,Exceeded 90s,90.001
http://www.continue-session-identifier.info,1,phishing,163797,timeout,Exceeded 90s,90.013
https://ipfs.litnet.work/ipfs/bafybeide7wd73e7bn26m7l6xpinh54q5si4pgzjyedohnrfbscchaqolnq,1,phishing,221619,timeout,Exceeded 90s,90.015
http://www.abagifts.com,1,phishing,21051,timeout,Exceeded 90s,90.004
https://www.kcmc.ac.tz,0,legitimate,140534,timeout,Exceeded 90s,90.008
http://www.999kbkb.com,1,phishing,167950,timeout,Exceeded 90s,90.005
https://www.catholicprimer.org,0,legitimate,11749,timeout,Exceeded 90s,90.004
http://www.forge21.xyz,1,phishing,156593,timeout,Exceeded 90s,90.006
http://www.g99659oz.beget.tech,1,phishing,118650,timeout,Exceeded 90s,90.004
http://www.evlovess.com,1,phishing,167901,timeout,Exceeded 90s,90.001
https://www.silkthumb.com,0,legitimate,218422,timeout,Exceeded 90s,90.014
https://www.wongouyang.com,0,legitimate,28974,timeout,Exceeded 90s,90.005
https://www.aurorapatina.nl,0,legitimate,119465,timeout,Exceeded 90s,90.003
https://www.genesiskel.com,0,legitimate,64029,timeout,Exceeded 90s,90.014
https://www.biggoals.com,0,legitimate,127576,timeout,Exceeded 90s,90.007
http://www.omni.sh,1,phishing,134060,timeout,Exceeded 90s,90.014
https://www.calculoid.com,0,legitimate,212645,timeout,Exceeded 90s,90.011
http://www.abfertigen.de,1,phishing,113414,timeout,Exceeded 90s,90.008
http://aceptar-aumento101.atsnx.com/,1,phishing,198400,timeout,Exceeded 90s,90.004
https://www.amoaroma.com.br,0,legitimate,82112,timeout,Exceeded 90s,90.016
https://www.chuacircuits.com,0,legitimate,157397,timeout,Exceeded 90s,90.015
https://falling-limit-3cce.sharereinerins.workers.dev/,1,phishing,182205,timeout,Exceeded 90s,90.004
https://www.villagenet.co.uk,0,legitimate,214725,timeout,Exceeded 90s,90.013
https://www.shahzadpursangbad.com,0,legitimate,223392,timeout,Exceeded 90s,90.005
https://www.ontarioca.gov,0,legitimate,33570,timeout,Exceeded 90s,90.013
https://www.whollyapp.com,0,legitimate,186896,timeout,Exceeded 90s,90.007
http://www.person.fbcode.co,1,phishing,27933,timeout,Exceeded 90s,90.014
https://www.britishcurling.org.uk,0,legitimate,132523,timeout,Exceeded 90s,90.008
https://www.canadasbestmortgage.com,0,legitimate,170735,timeout,Exceeded 90s,90.014
https://www.millsphotography.com,0,legitimate,118598,timeout,Exceeded 90s,90.011
https://www.nomadinception.com,0,legitimate,176399,timeout,Exceeded 90s,90.01
https://www.iroon.com,0,legitimate,33656,timeout,Exceeded 90s,90.002
https://baseuntechrun.firebaseapp.com/,1,phishing,70709,timeout,Exceeded 90s,90.003
http://www.ccfelomvhk.com,1,phishing,55060,timeout,Exceeded 90s,90.001
https://storageapi.fleek.co/9deb5903-5150-491d-bdb8-cd4226f3a733-bucket/hitmail2/index.html,1,phishing,222888,timeout,Exceeded 90s,90.012
https://www.ilikevinyl.com,0,legitimate,179064,timeout,Exceeded 90s,90.002
https://www.forum-marinearchiv.de,0,legitimate,19859,timeout,Exceeded 90s,90.001
https://page-review-id-901375.web.app/,1,phishing,155526,timeout,Exceeded 90s,90.002
https://www.nationallobsterhatchery.co.uk,0,legitimate,95747,timeout,Exceeded 90s,90.003
http://www.ikarussecurity.com,1,phishing,150129,timeout,Exceeded 90s,90.01
https://www.overclockersclub.com,0,legitimate,19070,timeout,Exceeded 90s,90.007
https://www.buildersdesign.com,0,legitimate,18675,timeout,Exceeded 90s,90.013
https://www.valdeloire.org,0,legitimate,75804,timeout,Exceeded 90s,90.015
https://www.fooddrinkeurope.eu,0,legitimate,202690,timeout,Exceeded 90s,90.009
https://www.studytube.nl,0,legitimate,78861,timeout,Exceeded 90s,90.013
https://resstcacc-hlep-spoort-accnectoid.start.page/,1,phishing,154772,timeout,Exceeded 90s,90.005
http://cmdvitorborges.com/,1,phishing,145068,timeout,Exceeded 90s,90.015
https://www.thebritishrabbitcouncil.org,0,legitimate,119596,timeout,Exceeded 90s,90.014
http://www.almuqarrabin.com,1,phishing,95181,timeout,Exceeded 90s,90.013
https://www.everydayaffirmations.org,0,legitimate,114565,timeout,Exceeded 90s,90.012
https://ipfs.litnet.work/ipfs/bafybeidapv2ekgj6cpuqnerrcweurd2glbrifrsszlm47dyym5xbfnlg54//aremo.html,1,phishing,46736,timeout,Exceeded 90s,90.005
http://www.iptime.org,1,phishing,162534,timeout,Exceeded 90s,90.002
https://www.yadvashem.org,0,legitimate,150538,timeout,Exceeded 90s,90.007
https://www.peonyparcel.com,0,legitimate,29158,timeout,Exceeded 90s,90.007
https://www.60xcustomstrings.com,0,legitimate,62813,timeout,Exceeded 90s,90.01
https://www.bolton.ac.uk,0,legitimate,32395,timeout,Exceeded 90s,90.009
http://www.suiyu.welco.live,1,phishing,139589,timeout,Exceeded 90s,90.001
http://www.d77.com,1,phishing,226954,timeout,Exceeded 90s,90.006
https://www.burgsimpson.com,0,legitimate,211407,timeout,Exceeded 90s,90.006
https://www.sfccmo.edu,0,legitimate,197053,timeout,Exceeded 90s,90.007
http://www.suel.top,1,phishing,207941,timeout,Exceeded 90s,90.015
http://www.frameddisplay.net,1,phishing,16298,timeout,Exceeded 90s,90.005
http://www.mailgrave.de,1,phishing,32865,timeout,Exceeded 90s,90.003
http://www.voicelan.cannca.shop,1,phishing,24570,timeout,Exceeded 90s,90.005
https://www.newprocess.com,0,legitimate,196116,timeout,Exceeded 90s,90.009
https://metafb-c44fn7h.firebaseapp.com/,1,phishing,12522,timeout,Exceeded 90s,90.016
https://authdigiitale.firebaseapp.com/,1,phishing,52508,timeout,Exceeded 90s,90.001
https://www.dipolnet.ro,0,legitimate,192108,timeout,Exceeded 90s,90.009
http://www.iyormsxy1mry32b.net,1,phishing,211418,timeout,Exceeded 90s,90.012
https://www.statefarm.com,0,legitimate,204759,timeout,Exceeded 90s,90.01
http://www.pfb6666.com,1,phishing,127913,timeout,Exceeded 90s,90.013
http://www.xn--rihy934p.ws,1,phishing,172516,timeout,Exceeded 90s,90.001
https://www.ratical.com,0,legitimate,20524,timeout,Exceeded 90s,90.011
http://www.wemastore.com,1,phishing,206567,timeout,Exceeded 90s,90.016
https://www.press24.mk,0,legitimate,18650,timeout,Exceeded 90s,90.005
https://www.co.wright.mn.us,0,legitimate,70712,timeout,Exceeded 90s,90.003
http://www.onecable.ca,1,phishing,172408,timeout,Exceeded 90s,90.006
https://jemi.so/agricole-dsp2---caisse-regionale,1,phishing,37147,timeout,Exceeded 90s,90.004
http://www.suvenir-maykop.ru,1,phishing,154377,timeout,Exceeded 90s,90.003
http://clever-activ-lo.de/wp-content/us/usa,1,phishing,203040,timeout,Exceeded 90s,90.002
https://www.sateraito.jp,0,legitimate,172657,timeout,Exceeded 90s,90.015
https://sites.google.com/site/libretyreserve,1,phishing,131173,timeout,Exceeded 90s,90.016
https://www.slickwraps.com,0,legitimate,93001,timeout,Exceeded 90s,90.009
https://www.massageessentialstherapy.com,0,legitimate,33612,timeout,Exceeded 90s,90.005
https://28-12-gertgb-0e-jt5g9wrkfg-ewgjtr-g9jng-th-hj.obs.ap-southeast-1.myhuaweicloud.com/09-wrejg-09wkef-0efkhgr-09jh-09j-09jj90-b.htm?awsaccesskeyid=aqkargd32qqpz09kgpwh&expires=1672176405&signature=hxcqnh4t3gtavyhyhf6brkpdjuy%3d,1,phishing,7423,timeout,Exceeded 90s,90.006
https://www.sandiegocounty.gov,0,legitimate,153439,timeout,Exceeded 90s,90.015
https://www.sablierwatches.com,0,legitimate,121647,timeout,Exceeded 90s,90.003
https://tunahrtjanzak1.web.app/,1,phishing,126776,timeout,Exceeded 90s,90.015
https://www.theshopsatcolumbuscircle.com,0,legitimate,53516,timeout,Exceeded 90s,90.001
http://www.tl60.com,1,phishing,231258,timeout,Exceeded 90s,90.015
http://www.woniutask.com,1,phishing,204020,timeout,Exceeded 90s,90.007
http://www.l8d701ab4d00a2e9a4816cc0d6418af0bf.ws,1,phishing,50649,timeout,Exceeded 90s,90.003
https://www.almadasupplements.com,0,legitimate,214773,timeout,Exceeded 90s,90.013
http://www.hidebuzz.me,1,phishing,56719,timeout,Exceeded 90s,90.011
https://www.inchirieri-limuzinebucuresti.ro//gategroup/,1,phishing,126243,timeout,Exceeded 90s,90.015
https://www.dragcity.com,0,legitimate,163557,timeout,Exceeded 90s,90.008
https://www.iafi.org,0,legitimate,4807,timeout,Exceeded 90s,90.015
https://account-wise.com/,1,phishing,154765,timeout,Exceeded 90s,90.016
https://www.kidrated.com,0,legitimate,36976,timeout,Exceeded 90s,90.008
https://pub-70ace99be27c42a29c762eaa94a1968c.r2.dev/index.html,1,phishing,162899,timeout,Exceeded 90s,90.002
http://itau-pyaccesovalidacionesenlinea.hstn.me/,1,phishing,60873,timeout,Exceeded 90s,90.007
http://www.tracker.welco.live,1,phishing,142830,timeout,Exceeded 90s,90.0
https://www.zavvi.com,0,legitimate,211368,timeout,Exceeded 90s,90.011
https://www.israelairlinemuseum.org,0,legitimate,198959,timeout,Exceeded 90s,90.006
http://facebook-1003827.260mb.net/,1,phishing,126441,timeout,Exceeded 90s,90.007
https://www.spiccandoilvolo.com,0,legitimate,99732,timeout,Exceeded 90s,90.015
http://www.snowremoval-services.com,1,phishing,234679,timeout,Exceeded 90s,90.012
https://www.japancandystore.com,0,legitimate,65859,timeout,Exceeded 90s,90.014
http://www.mtwsg.com,1,phishing,188664,timeout,Exceeded 90s,90.008
https://sites.google.com/view/bt-clould-preview000112/voice010101010bt-cloud?authuser=8,1,phishing,43312,timeout,Exceeded 90s,90.01
https://www.entretantos.org,0,legitimate,101385,timeout,Exceeded 90s,90.015
https://www.mgm-club.com,0,legitimate,17436,timeout,Exceeded 90s,90.002
https://www.cytracom.com,0,legitimate,30376,timeout,Exceeded 90s,90.01
https://att-update-page-h35fpagegf645g.boxmode.io/,1,phishing,156472,timeout,Exceeded 90s,90.007
http://www.oemdns.com,1,phishing,26644,timeout,Exceeded 90s,90.008
http://www.afyonmagazin.com,1,phishing,90357,timeout,Exceeded 90s,90.001
https://goto.myclickfunnels.com/iimited-heip-pages,1,phishing,17521,timeout,Exceeded 90s,90.0
https://www.ovohydro.com,0,legitimate,149264,timeout,Exceeded 90s,90.001
http://www.clockpunchposition.com,1,phishing,154700,timeout,Exceeded 90s,90.004
https://outlook138.yolasite.com/,1,phishing,118705,timeout,Exceeded 90s,90.001
http://www.sishendm.com,1,phishing,2141,timeout,Exceeded 90s,90.0
https://outlook263.yolasite.com/,1,phishing,176879,timeout,Exceeded 90s,90.005
https://www.otocikma.com,0,legitimate,141839,timeout,Exceeded 90s,90.015
https://sfrpanel.lws.fr/,1,phishing,172289,timeout,Exceeded 90s,90.011
https://www.emptymansionsbook.com,0,legitimate,81591,timeout,Exceeded 90s,90.004
https://www.google.com/url?q=https%3a%2f%2f51.fi%2fai6n&amp;sa=d&amp;sntz=1&amp;usg=aovvaw3ztrphk75w64vrj-rkdbza,1,phishing,89526,timeout,Exceeded 90s,90.013
http://www.koppstudio.com,1,phishing,133339,timeout,Exceeded 90s,90.002
https://www.brauchen.com.mx,1,phishing,92015,timeout,Exceeded 90s,90.005
http://www.gearboxcomputers.com,1,phishing,145140,timeout,Exceeded 90s,90.0
https://owa-webmail-secure.wadax3-0.workers.dev/,1,phishing,81536,timeout,Exceeded 90s,90.006
https://www.eosworldwide.com,0,legitimate,89409,timeout,Exceeded 90s,90.008
http://www.skyrim.3d-game.com,1,phishing,99460,timeout,Exceeded 90s,90.002
http://www.toysbagonline.com,1,phishing,66937,timeout,Exceeded 90s,90.004
https://ifyufyujk.quip.com/mdkea5ckpozm/click-here-to-start,1,phishing,84593,timeout,Exceeded 90s,90.004
https://www.gassaferegister.co.uk,0,legitimate,148734,timeout,Exceeded 90s,90.014
https://www.chantcd.com,0,legitimate,175930,timeout,Exceeded 90s,90.009
https://www.jeremyville.com,0,legitimate,139614,timeout,Exceeded 90s,90.002
https://www.meijikinenkan.gr.jp,0,legitimate,212893,timeout,Exceeded 90s,90.007
https://demo2.cloudwp.dev/trial-2w5t8wtu/serivios/es/pagomente,1,phishing,19296,timeout,Exceeded 90s,90.012
https://www.rudikershaw.com,0,legitimate,225093,timeout,Exceeded 90s,90.015
https://www.houseoftartan.co.uk,0,legitimate,174666,timeout,Exceeded 90s,90.003
https://www.creativesystems.com,0,legitimate,52194,timeout,Exceeded 90s,90.003
https://metafb-4l862c5.firebaseapp.com/,1,phishing,20820,timeout,Exceeded 90s,90.013
https://www.left-bank.com,0,legitimate,115550,timeout,Exceeded 90s,90.004
https://www.theopen.com,0,legitimate,90535,timeout,Exceeded 90s,90.002
https://mkcolombiatry.blogspot.com/?m=1,1,phishing,21379,timeout,Exceeded 90s,90.006
https://www.nucountry.com.au,0,legitimate,232451,timeout,Exceeded 90s,90.01
https://www.ateliersdelachapelle.com,0,legitimate,7829,timeout,Exceeded 90s,90.0
https://chaisalert.com/concluded.php?k=75a6085961541e76fd8562a067989d979d7dc0ec,1,phishing,200575,timeout,Exceeded 90s,90.007
https://www.pasty.com,0,legitimate,200251,timeout,Exceeded 90s,90.005
http://ahhhh.pe.kr/zb41/data/1057168297/?email=3mail@b.c,1,phishing,169313,timeout,Exceeded 90s,90.003
https://www.tripleemfg.com,0,legitimate,2302,timeout,Exceeded 90s,90.002
https://www.arena.it,0,legitimate,216312,timeout,Exceeded 90s,90.015
https://www.thermokruppboilers.com/hot-water-generators/ztjtqw/c29vbi5qdw5nqhrydwvmcmllbmquy29t,1,phishing,218310,timeout,Exceeded 90s,90.013
http://www.konjophotos.com,1,phishing,13337,timeout,Exceeded 90s,90.009
https://www.lisbon-tourist-guide.com,0,legitimate,168327,timeout,Exceeded 90s,90.008
https://www.biodiversitya-z.org,0,legitimate,143786,timeout,Exceeded 90s,90.001
https://www.depressioncomix.com,0,legitimate,53435,timeout,Exceeded 90s,90.006
https://www.reprisk.com,0,legitimate,160242,timeout,Exceeded 90s,90.012
http://www.mahmya.com,1,phishing,33490,timeout,Exceeded 90s,90.009
http://www.constructionjadams.com,1,phishing,48223,timeout,Exceeded 90s,90.005
https://www.hillstead.org,0,legitimate,160983,timeout,Exceeded 90s,90.002
https://www.lindabergerova.com,0,legitimate,87511,timeout,Exceeded 90s,90.001
http://www.hotel72.com,1,phishing,170699,timeout,Exceeded 90s,90.007
https://www.townofsunnyvale.org,0,legitimate,118615,timeout,Exceeded 90s,90.013
https://www.nuebiome.com,0,legitimate,82225,timeout,Exceeded 90s,90.009
http://www.tashivietnam.com,1,phishing,152678,timeout,Exceeded 90s,90.002
https://www.jedonneenligne.org,0,legitimate,92287,timeout,Exceeded 90s,90.005
http://188bet76.com/,1,phishing,227779,timeout,Exceeded 90s,90.01
https://schooly.us/wpcont/1&1/source/?email=redacted@abuse.ionos.com,1,phishing,120981,timeout,Exceeded 90s,90.011
https://www.cottontimes.co.uk,0,legitimate,56319,timeout,Exceeded 90s,90.009
https://s3.amazonaws.com/appforest_uf/f1675751143726x420546244393219800/web1.html,1,phishing,137639,timeout,Exceeded 90s,90.001
https://www.einsteinmusicjournal.co.nz,0,legitimate,122025,timeout,Exceeded 90s,90.015
https://tinyurl.com/2a56pvmu,1,phishing,149399,timeout,Exceeded 90s,90.006
https://www.universalmusic.com,0,legitimate,15392,timeout,Exceeded 90s,90.013
https://www.tetcos.com,0,legitimate,211456,timeout,Exceeded 90s,90.001
https://www.mikepriceteam.com,0,legitimate,176798,timeout,Exceeded 90s,90.01
https://tiwofiana1.web.app/,1,phishing,145559,timeout,Exceeded 90s,90.015
https://www.omegla.xyz,0,legitimate,132880,timeout,Exceeded 90s,90.002
https://www.alexcorp.ca,0,legitimate,159998,timeout,Exceeded 90s,90.003
https://bafybeicpe5g5s3a473z5owlcdibwtcgvda3xl3dee7nopkhahrgxowlk2u.ipfs.w3s.link/live.html,1,phishing,53058,timeout,Exceeded 90s,90.0
http://www.rabotasuper.ru,1,phishing,27822,timeout,Exceeded 90s,90.004
http://www.18cum.com,1,phishing,31648,timeout,Exceeded 90s,90.007
https://www.acugis.com,0,legitimate,95878,timeout,Exceeded 90s,90.014
https://www.garrasl.com,0,legitimate,41703,timeout,Exceeded 90s,90.014
https://www.pomme-ariane.com,0,legitimate,13013,timeout,Exceeded 90s,90.0
https://www.athleticpropulsionlabs.com,0,legitimate,88769,timeout,Exceeded 90s,90.002
http://www.eur.lc,1,phishing,46146,timeout,Exceeded 90s,90.004
https://www.siasat.pk,0,legitimate,199830,timeout,Exceeded 90s,90.001
https://tribelio.page/rcvryacme,1,phishing,162672,timeout,Exceeded 90s,90.01
https://attadmin.boxmode.io/,1,phishing,175501,timeout,Exceeded 90s,90.004
http://www.vicp.net,1,phishing,231173,timeout,Exceeded 90s,90.004
http://www.beidanci.cannca.shop,1,phishing,10484,timeout,Exceeded 90s,90.006
https://www.lutyenstrust.org.uk,0,legitimate,21372,timeout,Exceeded 90s,90.006
https://www.radioplayer.co.uk,0,legitimate,37968,timeout,Exceeded 90s,90.01
https://www.dvinedesign.com,0,legitimate,9300,timeout,Exceeded 90s,90.009
https://www.mit.bme.hu,0,legitimate,121864,timeout,Exceeded 90s,90.004
http://www.lastknight.xyz,1,phishing,54567,timeout,Exceeded 90s,90.008
http://www.solutionsemissionsimplifiee.com,1,phishing,114529,timeout,Exceeded 90s,90.003
https://www.themommyscoach.com,0,legitimate,219273,timeout,Exceeded 90s,90.015
http://vip3659q.com/,1,phishing,235214,timeout,Exceeded 90s,90.002
https://www.prestonhotel.com.au,0,legitimate,153610,timeout,Exceeded 90s,90.008
https://microsoft75.yolasite.com/,1,phishing,52885,timeout,Exceeded 90s,90.01
https://www.the-perch.co.uk,0,legitimate,117205,timeout,Exceeded 90s,90.006
http://www.patient-surf-a588.wd2e79ep.workers.dev,1,phishing,127472,timeout,Exceeded 90s,90.003
http://www.pw-change.com,1,phishing,39584,timeout,Exceeded 90s,90.003
http://www.fejsqrcf.net,1,phishing,164646,timeout,Exceeded 90s,90.015
http://www.metalgas.com.ar,1,phishing,186312,timeout,Exceeded 90s,90.005
http://itaupy-ingresarvalidaciones.hstn.me/?i=1,1,phishing,218835,timeout,Exceeded 90s,90.015
https://www.hfradio.net,0,legitimate,42695,timeout,Exceeded 90s,90.014
https://www.myschoollocation.com,0,legitimate,6312,timeout,Exceeded 90s,90.012
https://www.lokalavisen.dk,0,legitimate,74265,timeout,Exceeded 90s,90.01
https://attsettings.godaddysites.com/,1,phishing,37174,timeout,Exceeded 90s,90.009
https://www.icollector.com,0,legitimate,31708,timeout,Exceeded 90s,90.017
https://www.mathwords.com,0,legitimate,191576,timeout,Exceeded 90s,90.003
https://www.grin-global.org,0,legitimate,23947,timeout,Exceeded 90s,90.001
http://www.snproductions.net,1,phishing,14625,timeout,Exceeded 90s,90.002
https://www.slidebatch.com,0,legitimate,75739,timeout,Exceeded 90s,90.002
http://www.incognito.today,1,phishing,120418,timeout,Exceeded 90s,90.009
http://www.ferys.ru,1,phishing,35250,timeout,Exceeded 90s,90.002
http://www.hunterfineart.net,1,phishing,134397,timeout,Exceeded 90s,90.007
https://www.listofcountriesoftheworld.com,0,legitimate,10312,timeout,Exceeded 90s,90.011
https://www.onedunia.com,0,legitimate,199732,timeout,Exceeded 90s,90.007
https://www.flaggenlexikon.de,0,legitimate,139561,timeout,Exceeded 90s,90.014
https://storageapi.fleek.co/8f2fa405-3ce4-4605-8deb-082636751e2b-bucket/webhost2/index.html,1,phishing,232989,timeout,Exceeded 90s,90.015
https://sites.google.com/view/paypal-customer-services/,1,phishing,155351,timeout,Exceeded 90s,90.004
https://www.xn--ingenieurbro-brasnic-yec.de,1,phishing,12820,timeout,Exceeded 90s,90.006
http://www.designworx.co.nz,1,phishing,134000,timeout,Exceeded 90s,90.007
https://www.city.awara.lg.jp,0,legitimate,157815,timeout,Exceeded 90s,90.015
http://logn-folder-fdfa.maile-er.workers.dev/,1,phishing,132918,timeout,Exceeded 90s,90.015
https://storage.cloud.google.com/maintainancecomponeta.appspot.com/kayindex.html#eimaste@stinpriza.org,1,phishing,5691,timeout,Exceeded 90s,90.005
https://www.framedbykosal.com,0,legitimate,190348,timeout,Exceeded 90s,90.014
https://www.festivaldelgiornalismo.com,0,legitimate,192368,timeout,Exceeded 90s,90.007
http://www.babil117.com,1,phishing,54623,timeout,Exceeded 90s,90.001
https://www.qboutique.ru,0,legitimate,21282,timeout,Exceeded 90s,90.011
https://www.networkrailmediacentre.co.uk,0,legitimate,45069,timeout,Exceeded 90s,90.013
https://www.heritage.com.au,0,legitimate,30713,timeout,Exceeded 90s,90.014
http://www.hicotxselfstorage.com,1,phishing,83874,timeout,Exceeded 90s,90.005
https://aara-tech.com/,1,phishing,173470,timeout,Exceeded 90s,90.001
https://www.starwarsreport.com,0,legitimate,200384,timeout,Exceeded 90s,90.005
https://www.shiftspacedesign.com,0,legitimate,213235,timeout,Exceeded 90s,90.011
https://www.ethermine.org,0,legitimate,69347,timeout,Exceeded 90s,90.003
http://www.profconveer.ru,1,phishing,15466,timeout,Exceeded 90s,90.007
https://www.flatheadguide.com,0,legitimate,127504,timeout,Exceeded 90s,90.003
https://app22qualitypages.start.page/,1,phishing,215872,timeout,Exceeded 90s,90.003
https://www.yoox.com,0,legitimate,187238,timeout,Exceeded 90s,90.005
https://www.algerie-eco.com,0,legitimate,127526,timeout,Exceeded 90s,90.01
https://www.irish-showbands.com,0,legitimate,46916,timeout,Exceeded 90s,90.015
https://storageapi.fleek.co/a1f1764f-8d6c-4472-9af3-cb93bb5ab861-bucket/updatedomain23/index3.html,1,phishing,169046,timeout,Exceeded 90s,90.012
https://www.thetoc.gr,0,legitimate,289,timeout,Exceeded 90s,90.002
https://servertechnicalnoticeimmestae-reconecting.pages.dev/cerautheticate,1,phishing,122121,timeout,Exceeded 90s,90.012
https://www.samlesburyhall.co.uk,0,legitimate,23598,timeout,Exceeded 90s,90.001
https://www.zimamagazine.com,0,legitimate,108591,timeout,Exceeded 90s,90.014
https://www.crossref.org,0,legitimate,28952,timeout,Exceeded 90s,90.003
https://www.thegivingkeys.com,0,legitimate,220173,timeout,Exceeded 90s,90.004
https://www.jiaci.org,0,legitimate,163363,timeout,Exceeded 90s,90.012
http://www.slimscoop.com,1,phishing,108081,timeout,Exceeded 90s,90.011
http://www.vincentolife.com,1,phishing,62419,timeout,Exceeded 90s,90.002
https://www.bestromancenovelstoday.com,0,legitimate,61419,timeout,Exceeded 90s,90.0
https://www.calstatelausu.org,0,legitimate,161472,timeout,Exceeded 90s,90.007
https://sites.google.com/view/broadbandbill/home,1,phishing,120153,timeout,Exceeded 90s,90.008
https://gov-gr-auth.firebaseapp.com/,1,phishing,131143,timeout,Exceeded 90s,90.002
http://www.zhf2883.com,1,phishing,172416,timeout,Exceeded 90s,90.001
http://www.thesensescollection.com,1,phishing,227253,timeout,Exceeded 90s,90.0
http://www.linkmetube.com,1,phishing,120793,timeout,Exceeded 90s,90.004
http://www.energie-strom.net,1,phishing,22691,timeout,Exceeded 90s,90.011
https://www.aserf.org,0,legitimate,96839,timeout,Exceeded 90s,90.002
http://bancobisaini.webcindario.com/des/index.php,1,phishing,52537,timeout,Exceeded 90s,90.013
https://www.michellerial.com,0,legitimate,173777,timeout,Exceeded 90s,90.011
https://www.thetriplecrown.com,0,legitimate,140627,timeout,Exceeded 90s,90.014
http://www.ubuntusofta.com,1,phishing,203700,timeout,Exceeded 90s,90.013
https://www.piper.de,0,legitimate,229838,timeout,Exceeded 90s,90.01
https://www.autopartone.com,0,legitimate,77352,timeout,Exceeded 90s,90.009
https://www.beer-universe.com,0,legitimate,122944,timeout,Exceeded 90s,90.009
http://www.static.help-naver.com,1,phishing,182298,timeout,Exceeded 90s,90.01
https://www.shawnmynar.com,0,legitimate,225717,timeout,Exceeded 90s,90.008
https://www.gracechurch.org,0,legitimate,182166,timeout,Exceeded 90s,90.012
https://www.senioren.se,0,legitimate,54409,timeout,Exceeded 90s,90.012
http://www.toms.0fees.net,1,phishing,175254,timeout,Exceeded 90s,90.011
http://www.reycross.cn,1,phishing,23438,timeout,Exceeded 90s,90.009
https://flat-shape-3d18.d8c1bzsm.workers.dev/,1,phishing,152410,timeout,Exceeded 90s,90.008
https://www.limpopo.gov.za,0,legitimate,212075,timeout,Exceeded 90s,90.01
http://www.sakcampharma.com,1,phishing,185593,timeout,Exceeded 90s,90.003
https://www.izotope.com,0,legitimate,223386,timeout,Exceeded 90s,90.0
http://www.naturalpremiumtraining.ch,1,phishing,16828,timeout,Exceeded 90s,90.015
http://www.kepw.org,1,phishing,84841,timeout,Exceeded 90s,90.004
http://www.18dzym614d60lziqvvbe2vjf01.com,1,phishing,158679,timeout,Exceeded 90s,90.01
https://laubros.com:2096/cpsess6807296530/3rdparty/roundcube/,1,phishing,155392,timeout,Exceeded 90s,90.003
https://www.sweetoday.com,0,legitimate,208057,timeout,Exceeded 90s,90.008
http://www.newgenelectronics.com,1,phishing,63156,timeout,Exceeded 90s,90.011
http://www.veryboys.com,1,phishing,232898,timeout,Exceeded 90s,90.015
http://www.followyourbliss.xyz,1,phishing,25405,timeout,Exceeded 90s,90.013
http://www.97b1c56132dfcdd90f93-0c5c8388c0a5897e648f883e2c86dc72.r54.cf5.rackcdn.com,1,phishing,90859,timeout,Exceeded 90s,90.014
https://www.gemmachan.com,0,legitimate,37078,timeout,Exceeded 90s,90.012
https://www.in-blog.com,0,legitimate,23077,timeout,Exceeded 90s,90.01
https://www.wpspublish.com,0,legitimate,113743,timeout,Exceeded 90s,90.001
http://www.bjchjlb.com,1,phishing,232061,timeout,Exceeded 90s,90.015
https://www.belizezoo.org,0,legitimate,150349,timeout,Exceeded 90s,90.013
http://www.m.repeta.com.au,1,phishing,118100,timeout,Exceeded 90s,90.014
http://www.st-chat.com,1,phishing,64131,timeout,Exceeded 90s,90.004
https://www.japamalaresorts.com,0,legitimate,151150,timeout,Exceeded 90s,90.014
https://www.dinneronthelake.com,0,legitimate,151427,timeout,Exceeded 90s,90.012
https://s3.amazonaws.com/appforest_uf/f1676227541536x987610622050415700/endex.shtml,1,phishing,164519,timeout,Exceeded 90s,90.004
http://www.foxgame.club,1,phishing,193901,timeout,Exceeded 90s,90.013
https://www.cmes.lu.se,0,legitimate,790,timeout,Exceeded 90s,90.005
https://steep-tooth-0892.on.fleek.co/,1,phishing,34440,timeout,Exceeded 90s,90.005
https://www.eyerounds.org,0,legitimate,81000,timeout,Exceeded 90s,90.013
https://schooly.us/wpcont/1&1/source/?email=redacted@abuse.ionos.com,1,phishing,161995,timeout,Exceeded 90s,90.014
http://www.zxoexbgy.net,1,phishing,84960,timeout,Exceeded 90s,90.008
https://www.jarmarkbozonarodzeniowy.com,0,legitimate,53647,timeout,Exceeded 90s,90.004
https://www.readscheme.org,0,legitimate,55543,timeout,Exceeded 90s,90.012
https://www.wearglam.com,0,legitimate,43342,timeout,Exceeded 90s,90.013
https://bold-wind-ab97.g1ush5p01w.workers.dev/,1,phishing,46872,timeout,Exceeded 90s,90.015
https://www.highparknaturecentre.com,0,legitimate,205660,timeout,Exceeded 90s,90.015
https://www.libraryjournal.com,0,legitimate,149616,timeout,Exceeded 90s,90.008
https://www.setget.com,0,legitimate,232952,timeout,Exceeded 90s,90.004
http://amidabuli.com/,1,phishing,169948,timeout,Exceeded 90s,90.015
http://authguard.net/,1,phishing,201025,timeout,Exceeded 90s,90.006
https://correo.medifort.com.co/rainloop/v/1.14.0/static/js/min/tmp//,1,phishing,91503,timeout,Exceeded 90s,90.015
https://www.shallowwaterblackoutprevention.org,0,legitimate,60951,timeout,Exceeded 90s,90.005
https://www.galleryonline.com,0,legitimate,17141,timeout,Exceeded 90s,90.001
https://www.zee.com,0,legitimate,117330,timeout,Exceeded 90s,90.004
http://www.sm.fbcode.co,1,phishing,235776,timeout,Exceeded 90s,90.0
https://www.puertorico.com,0,legitimate,82861,timeout,Exceeded 90s,90.006
https://commn-auth0.firebaseapp.com/,1,phishing,47902,timeout,Exceeded 90s,90.014
http://www.adi.swiss,1,phishing,235739,timeout,Exceeded 90s,90.01
https://www.hinckley-bosworth.gov.uk,0,legitimate,204708,timeout,Exceeded 90s,90.008
https://www.myupspring.com,0,legitimate,43267,timeout,Exceeded 90s,90.007
https://bcrpersonaseguridad.jimdosite.com/,1,phishing,79181,timeout,Exceeded 90s,90.007
https://www.bas.org.bd,0,legitimate,121508,timeout,Exceeded 90s,90.009
https://www.waterhousedodd.com,0,legitimate,106820,timeout,Exceeded 90s,90.006
https://www.public.fr,0,legitimate,20765,timeout,Exceeded 90s,90.011
https://www.qdonow.com,0,legitimate,177221,timeout,Exceeded 90s,90.012
https://www.pilgrimpath.ie,0,legitimate,146637,timeout,Exceeded 90s,90.008
https://www.ace-petnames.com,0,legitimate,205804,timeout,Exceeded 90s,90.003
https://www.pref.saga.lg.jp,0,legitimate,92081,timeout,Exceeded 90s,90.015
http://www.jjidotwgjmpt.net,1,phishing,158505,timeout,Exceeded 90s,90.007
https://www.unimor.ac.id,0,legitimate,222503,timeout,Exceeded 90s,90.008
https://www.caramellosalato.it,0,legitimate,125965,timeout,Exceeded 90s,90.013
http://www.circulodeltrastierro.com,1,phishing,22032,timeout,Exceeded 90s,90.011
http://www.terms-service-notification.info,1,phishing,230260,timeout,Exceeded 90s,90.002
https://www.pharmnet.com.cn,0,legitimate,143264,timeout,Exceeded 90s,90.001
https://bnchncecat.web.app/,1,phishing,108265,timeout,Exceeded 90s,90.001
https://live-3rivers-fcu-101.firebaseapp.com/,1,phishing,193236,timeout,Exceeded 90s,90.003
https://www.geofftate.com,0,legitimate,206385,timeout,Exceeded 90s,90.004
https://www.maplefromcanada.co.uk,0,legitimate,209567,timeout,Exceeded 90s,90.003
https://www.shensmithbarristers.co.uk,0,legitimate,192569,timeout,Exceeded 90s,90.003
https://www.bestlondoncleaners.co.uk,0,legitimate,68973,timeout,Exceeded 90s,90.005
https://www.thrda.org,0,legitimate,194632,timeout,Exceeded 90s,90.002
https://www.mangelsen.com,0,legitimate,220939,timeout,Exceeded 90s,90.006
https://www.xmenu.it,0,legitimate,63598,timeout,Exceeded 90s,90.012
http://wildcard.damonmoore.com/02/tdecu/,1,phishing,7763,timeout,Exceeded 90s,90.014
https://webmail-cisco.firebaseapp.com/,1,phishing,212046,timeout,Exceeded 90s,90.001
http://www.victory.com.pl,1,phishing,4031,timeout,Exceeded 90s,90.009
https://www.photographytalk.com,0,legitimate,206250,timeout,Exceeded 90s,90.007
https://www.mro.nmt.edu,0,legitimate,128,timeout,Exceeded 90s,90.0
https://jytrjfghedghef.infura-ipfs.io/ipfs/qmbl9a9bdzsrf4wkhv6pz1zqzxd21ocddnhhot9mzaa2kn,1,phishing,78144,timeout,Exceeded 90s,90.01
https://maradomessiano.firebaseapp.com/,1,phishing,89855,timeout,Exceeded 90s,90.004
http://www.freshdns.com,1,phishing,66969,timeout,Exceeded 90s,90.009
https://www.thetruthaboutguns.com,0,legitimate,116706,timeout,Exceeded 90s,90.005
https://www.alfredforum.com,0,legitimate,154844,timeout,Exceeded 90s,90.015
https://www.hermitage.co.nz,0,legitimate,209983,timeout,Exceeded 90s,90.01
https://qhj39hfxqftr.clickfunnels.com/optin1640121734846,1,phishing,111666,timeout,Exceeded 90s,90.006
https://www.smr.gov.ge,0,legitimate,93403,timeout,Exceeded 90s,90.002
https://www.hiphopinjesmoel.com,0,legitimate,188816,timeout,Exceeded 90s,90.005
https://www.daraincusa.com,0,legitimate,197088,timeout,Exceeded 90s,90.013
https://www.todaygh.com,0,legitimate,219863,timeout,Exceeded 90s,90.002
https://www.solidwoodkitchencabinets.co.uk,0,legitimate,235245,timeout,Exceeded 90s,90.015
http://www.h0b035dac4783e05492eca33569f237175.ws,1,phishing,199449,timeout,Exceeded 90s,90.004
https://www.reidtechnology.co.nz,0,legitimate,60470,timeout,Exceeded 90s,90.011
https://storage.cloud.google.com/cmc111/cdo-nwst1.html#helpdesk@widomaker.com,1,phishing,86275,timeout,Exceeded 90s,90.012
https://www.cherwell.org,0,legitimate,42601,timeout,Exceeded 90s,90.004
https://hhdiamond.com/,1,phishing,7243,timeout,Exceeded 90s,90.013
https://www.myjobquote.co.uk,0,legitimate,136513,timeout,Exceeded 90s,90.002
https://www.i-ryo.com,0,legitimate,11359,timeout,Exceeded 90s,90.011
https://www.shelterinsurance.com,0,legitimate,93183,timeout,Exceeded 90s,90.005
https://owashdy.web.app/,1,phishing,182755,timeout,Exceeded 90s,90.008
https://www.lexiaconsultores.com,0,legitimate,113004,timeout,Exceeded 90s,90.009
https://www.raw-health-coach.com,0,legitimate,119,timeout,Exceeded 90s,90.01
http://www.simplifiedhomesales.com,1,phishing,21317,timeout,Exceeded 90s,90.007
http://www.msgbugreporting.lovestoblog.com,1,phishing,62367,timeout,Exceeded 90s,90.001
http://www.airliftlimo.com,1,phishing,16282,timeout,Exceeded 90s,90.002
https://www.scriptum.co.uk,0,legitimate,6257,timeout,Exceeded 90s,90.009
http://www.thedeadpit.com,1,phishing,182011,timeout,Exceeded 90s,90.015
http://www.syokmelaram.com,1,phishing,72315,timeout,Exceeded 90s,90.003
https://bcr-banco-de-costa-rica-1.jimdosite.com/,1,phishing,174055,timeout,Exceeded 90s,90.006
http://www.gbooksdownloader.com,1,phishing,212140,timeout,Exceeded 90s,90.012
https://www.revista-estudios.revistas.deusto.es,0,legitimate,133368,timeout,Exceeded 90s,90.009
http://www.andeanreach.com,1,phishing,177084,timeout,Exceeded 90s,90.014
https://outlookcom253.yolasite.com/,1,phishing,147290,timeout,Exceeded 90s,90.002
http://www.session-management.info,1,phishing,62318,timeout,Exceeded 90s,90.008
http://www.crazy97.com,1,phishing,234407,timeout,Exceeded 90s,90.011
https://www.tiendaleon.com,0,legitimate,143958,timeout,Exceeded 90s,90.012
https://supe.seharusnyakita.workers.dev/,1,phishing,60133,timeout,Exceeded 90s,90.016
https://www.efcer.org,0,legitimate,39161,timeout,Exceeded 90s,90.012
https://s3.amazonaws.com/appforest_uf/f1679597745393x163775775771100260/office_authentificator.htm#mhmorrison@ccajax.org,1,phishing,190335,timeout,Exceeded 90s,90.006
https://www.wythall.org.uk,0,legitimate,43584,timeout,Exceeded 90s,90.006
https://www.caraudioco.com,0,legitimate,90807,timeout,Exceeded 90s,90.013
https://www.grantleephillips.com,0,legitimate,28713,timeout,Exceeded 90s,90.012
https://www.latinsonghall.com,0,legitimate,194843,timeout,Exceeded 90s,90.015
https://www.verenasophia-weddings.com,0,legitimate,152389,timeout,Exceeded 90s,90.009
http://www.accounts.googel.email,1,phishing,3617,timeout,Exceeded 90s,90.003
https://www.photohound.co,0,legitimate,112471,timeout,Exceeded 90s,90.003
https://www.goadvancedsiding.com,0,legitimate,150783,timeout,Exceeded 90s,90.008
https://www.highlinekites.com,0,legitimate,74741,timeout,Exceeded 90s,90.009
https://www.nownovel.com,0,legitimate,190782,timeout,Exceeded 90s,90.005
http://www.food-stories.ru,1,phishing,61902,timeout,Exceeded 90s,90.011
http://www.cur.lv,1,phishing,179164,timeout,Exceeded 90s,90.013
https://www.mijntuin.org,0,legitimate,28596,timeout,Exceeded 90s,90.015
https://www.franken-weinland.de,0,legitimate,171513,timeout,Exceeded 90s,90.003
https://www.gretchenpeters.com,0,legitimate,189502,timeout,Exceeded 90s,90.01
https://www.fionaoutdoors.co.uk,0,legitimate,50963,timeout,Exceeded 90s,90.0
https://www.shalicenoel.com,0,legitimate,139526,timeout,Exceeded 90s,90.001
https://www.freeprintscards.co.uk,0,legitimate,185210,timeout,Exceeded 90s,90.002
https://www.kvenskinstitutt.no,0,legitimate,82501,timeout,Exceeded 90s,90.015
https://www.corkqc.com,0,legitimate,65039,timeout,Exceeded 90s,90.005
https://www.nbn23.com,0,legitimate,80138,timeout,Exceeded 90s,90.007
https://www.davidgagne.net,0,legitimate,32134,timeout,Exceeded 90s,90.013
http://www.wapgem.com,1,phishing,125683,timeout,Exceeded 90s,90.011
https://www.hunebednieuwscafe.nl,0,legitimate,59943,timeout,Exceeded 90s,90.003
https://prome3893a.webcindario.com/index3.php,1,phishing,59524,timeout,Exceeded 90s,90.006
https://gateway.pinata.cloud/ipfs/bafybeidwjdwmnmxnq44vv73yvmq233xwr4yt3vhuqgyygnk4mrdffxeswm,1,phishing,226281,timeout,Exceeded 90s,90.009
https://www.quantumdiaries.org,0,legitimate,128496,timeout,Exceeded 90s,90.003
https://storageapi.fleek.one/2652aa31-593e-46df-a689-9cc21b94cde4-bucket/xcc.html,1,phishing,184608,timeout,Exceeded 90s,90.013
https://www.visualproductions.nl,0,legitimate,152510,timeout,Exceeded 90s,90.015
http://www.tarjapreta.news,1,phishing,68429,timeout,Exceeded 90s,90.0
http://www.developmasters.com,1,phishing,111360,timeout,Exceeded 90s,90.006
https://www.efax.com,0,legitimate,38904,timeout,Exceeded 90s,90.008
http://www.nepra.org.pk,1,phishing,102954,timeout,Exceeded 90s,90.01
https://sbcantibot.ruixinzp.cn/,1,phishing,233223,timeout,Exceeded 90s,90.01
https://www.farmranchstore.com,0,legitimate,150756,timeout,Exceeded 90s,90.009
http://www.adcash.com,1,phishing,9008,timeout,Exceeded 90s,90.014
https://www.nellyssecurity.com,0,legitimate,115504,timeout,Exceeded 90s,90.002
https://www.camerlex.com,0,legitimate,199799,timeout,Exceeded 90s,90.001
http://www.setauketpitahouse.com,1,phishing,60508,timeout,Exceeded 90s,90.003
http://www.ecompany.org,1,phishing,199350,timeout,Exceeded 90s,90.001
http://www.maesonandcompany.com,1,phishing,51287,timeout,Exceeded 90s,90.011
https://www.jamlarecords.com,0,legitimate,192662,timeout,Exceeded 90s,90.002
https://hotm.art/sywfuh6,1,phishing,19914,timeout,Exceeded 90s,90.008
https://www.littler.com,0,legitimate,55066,timeout,Exceeded 90s,90.008
https://www.toutelatele.com,0,legitimate,211630,timeout,Exceeded 90s,90.004
https://www.avmc.army.mil,0,legitimate,128776,timeout,Exceeded 90s,90.012
https://www.hollywoodwaxmuseum.com,0,legitimate,12855,timeout,Exceeded 90s,90.003
https://www.omnilit.com,0,legitimate,132860,timeout,Exceeded 90s,90.008
http://www.zdbhl.com,1,phishing,123213,timeout,Exceeded 90s,90.011
https://www.hussmanfunds.com,0,legitimate,132788,timeout,Exceeded 90s,90.012
https://www.ontap.pl,0,legitimate,78469,timeout,Exceeded 90s,90.01
http://www.1greatrealestatesales.com,1,phishing,169860,timeout,Exceeded 90s,90.011
http://www.iden3s.com,1,phishing,10882,timeout,Exceeded 90s,90.005
https://storage.cloud.google.com/1lordman1man3/kelmanco.html#email=info@domain.tld,1,phishing,189459,timeout,Exceeded 90s,90.011
https://7fzt.short.gy/gd7ico,1,phishing,206938,timeout,Exceeded 90s,90.008
https://www.limitloginattempts.com,0,legitimate,98788,timeout,Exceeded 90s,90.005
https://u-sp-sredirec.web.app/,1,phishing,189445,timeout,Exceeded 90s,90.015
https://idolink.com/abertomarcio22115526080827?gclid=eaiaiqobchmitscdqo3p_qivexxvbb1rlgo0eaayasaaegjvmfd_bwe,1,phishing,224632,timeout,Exceeded 90s,90.001
http://114.55.101.133:8080/alk.php,1,phishing,196479,timeout,Exceeded 90s,90.003
https://www.asuncion.gov.py,0,legitimate,227730,timeout,Exceeded 90s,90.012
https://www.wahm.com,0,legitimate,234765,timeout,Exceeded 90s,90.006
https://www.wadleighlibrary.org,0,legitimate,135725,timeout,Exceeded 90s,90.014
http://www.freeproxyweb.net,1,phishing,12047,timeout,Exceeded 90s,90.004
https://www.mybucketlistevents.com,0,legitimate,177774,timeout,Exceeded 90s,90.005
https://www.nbcdi.org,0,legitimate,61279,timeout,Exceeded 90s,90.005
https://www.paragraf.me,0,legitimate,182265,timeout,Exceeded 90s,90.013
https://www.theboardr.com,0,legitimate,31837,timeout,Exceeded 90s,90.014
https://www.globaltrademag.com,0,legitimate,126792,timeout,Exceeded 90s,90.009
https://www.samicone.com,0,legitimate,132315,timeout,Exceeded 90s,90.012
https://www.nextplatform.com,0,legitimate,19581,timeout,Exceeded 90s,90.005
http://www.rj-l.com,1,phishing,164860,timeout,Exceeded 90s,90.011
https://www.zigotica.com,0,legitimate,128425,timeout,Exceeded 90s,90.004
https://www.d2c.co.jp,0,legitimate,28061,timeout,Exceeded 90s,90.009
https://sitebuilder181497.dynadot.com/,1,phishing,72685,timeout,Exceeded 90s,90.01
https://www.intermountainconstructioninc.com,0,legitimate,182439,timeout,Exceeded 90s,90.015
https://office365-login-22e3b.web.app/,1,phishing,15476,timeout,Exceeded 90s,90.008
https://tribelio.page/user-account-updeats,1,phishing,6361,timeout,Exceeded 90s,90.003
https://www.friendsofsabbath.org,0,legitimate,16726,timeout,Exceeded 90s,90.002
http://www.alessandrabortolussi.net,1,phishing,153815,timeout,Exceeded 90s,90.008
https://www.sti.edu,0,legitimate,99376,timeout,Exceeded 90s,90.013
http://www.cometarabian.com,1,phishing,63219,timeout,Exceeded 90s,90.005
https://yahoocommunicationservice.boxmode.io/,1,phishing,89018,timeout,Exceeded 90s,90.013
https://tract.pagesrepoart.workers.dev/,1,phishing,178063,timeout,Exceeded 90s,90.015
https://reviews-page-57d26.web.app/,1,phishing,159134,timeout,Exceeded 90s,90.01
https://www.moyoway.com,0,legitimate,134134,timeout,Exceeded 90s,90.015
http://newcatch.liveblog365.com/ovoza/pnig01ondn5hafutse2aaa5g.php?k5e10k16800897922e2d51fc1f8934fd7d9daa0f42a4081e2e2d51fc1f8934fd7d9daa0f42a4081e2e2d51fc1f8934fd7d9daa0f42a4081e2e2d51fc1f8934fd7d9daa0f42a4081e2e2d51fc1f8934fd7d9daa0f42a4081e&amp;email=carina.alexandra.oliveira@cgd.pt&amp;retry=,1,phishing,157918,timeout,Exceeded 90s,90.011
https://www.milehighcomics.com,0,legitimate,225441,timeout,Exceeded 90s,90.013
https://yoour-metaaa-update-rivac.start.page/,1,phishing,165527,timeout,Exceeded 90s,90.002
http://www.worldfoodstory.co.uk,1,phishing,67385,timeout,Exceeded 90s,90.002
https://www.batterie-fanfare.fr,0,legitimate,80887,timeout,Exceeded 90s,90.004
https://www.shuk.al,0,legitimate,174551,timeout,Exceeded 90s,90.015
https://www.ease.ie,0,legitimate,50233,timeout,Exceeded 90s,90.001
http://www.bolizarsospos.com,1,phishing,217794,timeout,Exceeded 90s,90.001
http://www.0catch.com,1,phishing,1923,timeout,Exceeded 90s,90.0
http://www.dupdagjj.com,1,phishing,225095,timeout,Exceeded 90s,90.001
https://www.pietmondrian.info,0,legitimate,29167,timeout,Exceeded 90s,90.004
https://inventerscorp.org/vendor/bin/redirect/navy/,1,phishing,155805,timeout,Exceeded 90s,90.003
http://www.takeka.com,1,phishing,69318,timeout,Exceeded 90s,90.012
https://www.ayalarewardscircle.com,0,legitimate,75736,timeout,Exceeded 90s,90.007
http://moneycontrols.in,1,phishing,73064,timeout,Exceeded 90s,90.011
https://www.uniquewoodfloor.com,0,legitimate,119113,timeout,Exceeded 90s,90.011
http://www.windows81.duckdns.org,1,phishing,143950,timeout,Exceeded 90s,90.014
http://www.greatnewidea12.ru,1,phishing,177604,timeout,Exceeded 90s,90.006
https://www.hlbs.ca,0,legitimate,136856,timeout,Exceeded 90s,90.007
https://www.iscpif.fr,0,legitimate,203322,timeout,Exceeded 90s,90.001
http://www.sinel.com,1,phishing,49722,timeout,Exceeded 90s,90.002
https://www.unipo.sk,0,legitimate,121660,timeout,Exceeded 90s,90.014
https://www.lotpublications.nl,0,legitimate,212820,timeout,Exceeded 90s,90.013
https://www.kriskobach.com,0,legitimate,59641,timeout,Exceeded 90s,90.005
https://www.honeytrek.com,0,legitimate,187897,timeout,Exceeded 90s,90.003
https://www.disney.co.jp,0,legitimate,91562,timeout,Exceeded 90s,90.01
http://www.advancedwebanalytic.com,1,phishing,136641,timeout,Exceeded 90s,90.014
https://www.shoplc.com,0,legitimate,61890,timeout,Exceeded 90s,90.007
http://nust.edu.iq/cic/login.htm,1,phishing,34799,timeout,Exceeded 90s,90.015
https://adsecofilstrabe.firebaseapp.com/,1,phishing,88960,timeout,Exceeded 90s,90.005
http://www.bigbasket.pk,1,phishing,6933,timeout,Exceeded 90s,90.003
https://www.appspy.com,0,legitimate,87192,timeout,Exceeded 90s,90.015
http://www.blacklifestyle.net,1,phishing,173143,timeout,Exceeded 90s,90.006
https://www.mariinsky-theatre.com,0,legitimate,220720,timeout,Exceeded 90s,90.01
https://iniciobanesconline.web.app/,1,phishing,126714,timeout,Exceeded 90s,90.002
https://www.ticketatlantic.com,0,legitimate,148619,timeout,Exceeded 90s,90.016
http://www.udjhnl.cannca.shop,1,phishing,187500,timeout,Exceeded 90s,90.014
http://www.taylorgram.com,1,phishing,11479,timeout,Exceeded 90s,90.012
https://www.waukesha-wi.gov,0,legitimate,93331,timeout,Exceeded 90s,90.002
https://www.accessbankplc.com,0,legitimate,90964,timeout,Exceeded 90s,90.007
http://www.salvacodina.com,1,phishing,7329,timeout,Exceeded 90s,90.001
https://www.flashback.org,0,legitimate,49895,timeout,Exceeded 90s,90.0
http://www.dyn-access.de,1,phishing,215790,timeout,Exceeded 90s,90.004
https://www.e-470.com,0,legitimate,112592,timeout,Exceeded 90s,90.013
https://www.winehq.org,0,legitimate,150601,timeout,Exceeded 90s,90.001
https://ipfs.best-practice.se/ipfs/bafybeideurbhdfr6pwbsym5kpgpmc53a6bdp5kep2h5b5vmaoth3trx4ve/link.html,1,phishing,177559,timeout,Exceeded 90s,90.015
https://one-note.microsofts-onenote9373.workers.dev/,1,phishing,142607,timeout,Exceeded 90s,90.012
http://www.5dollaralluringstyles.com,1,phishing,101294,timeout,Exceeded 90s,90.009
http://www.bluenery.com,1,phishing,73498,timeout,Exceeded 90s,90.005
https://www.gpxsee.org,0,legitimate,22607,timeout,Exceeded 90s,90.002
https://calm-base-8567.nhscclf4.workers.dev/,1,phishing,132781,timeout,Exceeded 90s,90.008
https://www.nyprowrestling.com,0,legitimate,182345,timeout,Exceeded 90s,90.011
http://www.canineconquest.com,1,phishing,223394,timeout,Exceeded 90s,90.013
http://www.com-users.net,1,phishing,150677,timeout,Exceeded 90s,90.002
http://www.orfn.com,1,phishing,201942,timeout,Exceeded 90s,90.007
http://yondakmampuaku.rf.gd/,1,phishing,119446,timeout,Exceeded 90s,90.006
https://purple-rice-9194.haxet304927168.workers.dev/,1,phishing,231560,timeout,Exceeded 90s,90.013
http://www.hardwarenet.cc,1,phishing,15864,timeout,Exceeded 90s,90.001
https://www.pc.gov.au,0,legitimate,223441,timeout,Exceeded 90s,90.002
https://storageapi.fleek.co/89c41cbb-c6d1-4476-a12b-df704c86568b-bucket/upsterts2/index.html,1,phishing,82692,timeout,Exceeded 90s,90.005
http://rough-tree-5642.on.fleek.co/,1,phishing,140032,timeout,Exceeded 90s,90.001
http://www.soac.in,1,phishing,226861,timeout,Exceeded 90s,90.005
https://www.deeph.io,0,legitimate,8186,timeout,Exceeded 90s,90.001
https://www.uncanna.com,0,legitimate,138743,timeout,Exceeded 90s,90.008
https://consults.myclickfunnels.com/bt16,1,phishing,44963,timeout,Exceeded 90s,90.007
https://www.hungrybrowser.com,0,legitimate,111588,timeout,Exceeded 90s,90.012
https://www.familyfriendlycincinnati.com,0,legitimate,130442,timeout,Exceeded 90s,90.003
https://www.printrobo.co.kr,0,legitimate,48880,timeout,Exceeded 90s,90.002
http://www.thomsonsreuters.eu,1,phishing,34467,timeout,Exceeded 90s,90.008
http://www.atakai-technologies.website,1,phishing,149916,timeout,Exceeded 90s,90.003
https://zpr.io/ucjpnmetygns,1,phishing,108334,timeout,Exceeded 90s,90.005
http://www.pn.md,1,phishing,178113,timeout,Exceeded 90s,90.01
https://adminsupport-confirmpage1003445.start.page/,1,phishing,124224,timeout,Exceeded 90s,90.01
http://www.sslport.work,1,phishing,153970,timeout,Exceeded 90s,90.006
https://www.copilotsearch.com,0,legitimate,663,timeout,Exceeded 90s,90.002
https://www.joynorstrom.ca,0,legitimate,77488,timeout,Exceeded 90s,90.007
https://www.canadaone.com,0,legitimate,94044,timeout,Exceeded 90s,90.001
https://www.pitsos.gr,0,legitimate,113660,timeout,Exceeded 90s,90.013
https://www.ttinkerplanett.com,0,legitimate,121608,timeout,Exceeded 90s,90.013
https://cebjiankb6.firebaseapp.com/,1,phishing,191864,timeout,Exceeded 90s,90.007
https://www.skullsite.com,0,legitimate,217511,timeout,Exceeded 90s,90.011
https://www.elmundodeinma.com,0,legitimate,173844,timeout,Exceeded 90s,90.014
https://storageapi.fleek.co/bce71efa-aa0d-4e19-8777-3cc40b90e98b-bucket/xkhri.html,1,phishing,12320,timeout,Exceeded 90s,90.001
https://www.heavymetal.no,0,legitimate,161231,timeout,Exceeded 90s,90.015
https://www.telia.no,0,legitimate,180004,timeout,Exceeded 90s,90.013
https://www.northtexascorvair.org,0,legitimate,167530,timeout,Exceeded 90s,90.008
https://www.infoedmonton.com,0,legitimate,188950,timeout,Exceeded 90s,90.008
https://www.silex.me,0,legitimate,121942,timeout,Exceeded 90s,90.003
https://www.flooringinc.com,0,legitimate,159150,timeout,Exceeded 90s,90.016
https://www.norms.com,0,legitimate,105990,timeout,Exceeded 90s,90.009
http://www.leoloka.com,1,phishing,174393,timeout,Exceeded 90s,90.014
http://www.euro.lc,1,phishing,210891,timeout,Exceeded 90s,90.001
https://megaway.start.page/,1,phishing,27815,timeout,Exceeded 90s,90.007
https://www.monacograndprixticket.com,0,legitimate,87072,timeout,Exceeded 90s,90.009
https://www.aok-bv.de,0,legitimate,229615,timeout,Exceeded 90s,90.001
https://cebjiankb3.firebaseapp.com/,1,phishing,53373,timeout,Exceeded 90s,90.007
http://www.bihnxhkl.ru,1,phishing,71244,timeout,Exceeded 90s,90.004
https://www.checkmydish.nl,0,legitimate,78184,timeout,Exceeded 90s,90.011
https://www.helenamor.co.il,0,legitimate,152113,timeout,Exceeded 90s,90.006
https://parigusparibushotelsntours.web.app/,1,phishing,36361,timeout,Exceeded 90s,90.004
https://www.norkart.no,0,legitimate,128827,timeout,Exceeded 90s,90.015
https://gateway.pinata.cloud/ipfs/bafybeiardsa5er7hxrjr74j6khdgikhmxomx5hrwldrefftslvh72a3rai/karatwebautoback.html,1,phishing,118270,timeout,Exceeded 90s,90.002
https://www.caixin.com,0,legitimate,72282,timeout,Exceeded 90s,90.002
https://www.lavozdeloscentauros.com,1,phishing,157980,timeout,Exceeded 90s,90.01
https://www.ellopos.com,0,legitimate,142203,timeout,Exceeded 90s,90.012
https://kolgotok-mania.com.ua/bitrix/admin/accounts/,1,phishing,155875,timeout,Exceeded 90s,90.007
https://www.financialaid.arizona.edu,0,legitimate,191342,timeout,Exceeded 90s,90.004
https://www.aeronautique.ma,0,legitimate,33141,timeout,Exceeded 90s,90.009
https://cloud-preview-shared.auth-sahidoc.workers.dev/,1,phishing,198285,timeout,Exceeded 90s,90.006
http://www.relux.ru,1,phishing,157036,timeout,Exceeded 90s,90.015
https://www.easyallies.com,0,legitimate,57953,timeout,Exceeded 90s,90.013
http://www.proxysan.info,1,phishing,8681,timeout,Exceeded 90s,90.007
https://www.kuvo.org,0,legitimate,83180,timeout,Exceeded 90s,90.011
https://www.bunkfest.co.uk,0,legitimate,100067,timeout,Exceeded 90s,90.002
https://case1001056218521564552966.firebaseapp.com/,1,phishing,211308,timeout,Exceeded 90s,90.015
https://www.doggicam.com,0,legitimate,103784,timeout,Exceeded 90s,90.011
https://www.google.com/url?sa=t&rct=j&q=&esrc=s&source=web&cd=&cad=rja&uact=8&ved=2ahukewjnkn6lxud7ahuuhxiehrx0d98qfnoeccuqaq&url=https%3a%2f%2fcolonialinnhebersprings.com%2findex.php%3ftitle%3dan_incredibly_interesting_web_site_along_with_excellent_articles!_a4o3b7p6&usg=aovvaw1aichstkuazezl3h1rrjkx,1,phishing,167332,timeout,Exceeded 90s,90.004
http://www.741.com,1,phishing,42277,timeout,Exceeded 90s,90.012
https://www.ripplefoods.com,0,legitimate,2259,timeout,Exceeded 90s,90.006
https://www.afi.com,0,legitimate,88152,timeout,Exceeded 90s,90.008
https://stepp7-98a8e.web.app/,1,phishing,92190,timeout,Exceeded 90s,90.001
https://www.artshebdomedias.com,0,legitimate,89528,timeout,Exceeded 90s,90.012
https://www.rubygamestudio.com,0,legitimate,111214,timeout,Exceeded 90s,90.012
https://gateway.pinata.cloud/ipfs/bafybeiekbq3txwvwxof34ls4zwxh7okpxj5x4k3laufqqfjdo7qfr7zx6e/,1,phishing,207712,timeout,Exceeded 90s,90.006
https://www.cuddlebug.co,0,legitimate,220801,timeout,Exceeded 90s,90.005
https://provin0002023.webcindario.com/,1,phishing,17460,timeout,Exceeded 90s,90.011
https://www.whiteboardanimation.com,0,legitimate,209090,timeout,Exceeded 90s,90.001
https://www.newscorpaustralia.com,0,legitimate,187458,timeout,Exceeded 90s,90.007
https://www.enka.com,0,legitimate,115026,timeout,Exceeded 90s,90.0
https://www.vodafone.com.au,0,legitimate,97291,timeout,Exceeded 90s,90.013
https://www.vinylpulse.com,0,legitimate,141529,timeout,Exceeded 90s,90.015
https://computedolloldfr.firebaseapp.com/,1,phishing,83245,timeout,Exceeded 90s,90.008
https://www.organicdivision.org,0,legitimate,136184,timeout,Exceeded 90s,90.014
https://www.esig.org,0,legitimate,181614,timeout,Exceeded 90s,90.008
https://www.nwb.org,0,legitimate,20802,timeout,Exceeded 90s,90.015
https://www.casinonieuws.nl,0,legitimate,117072,timeout,Exceeded 90s,90.0
http://www.milhojas.is,1,phishing,157618,timeout,Exceeded 90s,90.01
https://malignemobile10.yolasite.com/,1,phishing,132142,timeout,Exceeded 90s,90.01
https://www.celavive.com,0,legitimate,36283,timeout,Exceeded 90s,90.004
https://www.deakin.edu.au,0,legitimate,124595,timeout,Exceeded 90s,90.014
http://www.daxberger.at,1,phishing,4615,timeout,Exceeded 90s,90.004
https://www.pacificlife.com,0,legitimate,67803,timeout,Exceeded 90s,90.014
https://logon-review-uk.web.app/,1,phishing,89753,timeout,Exceeded 90s,90.011
https://kse65-7a22a.web.app/,1,phishing,43948,timeout,Exceeded 90s,90.0
https://www.rookiesandkings.com,0,legitimate,35317,timeout,Exceeded 90s,90.01
https://www.sauder.ubc.ca,0,legitimate,165146,timeout,Exceeded 90s,90.005
https://www.lasled.com.br,0,legitimate,94398,timeout,Exceeded 90s,90.014
https://www.kosice.sk,0,legitimate,210354,timeout,Exceeded 90s,90.006
http://www.twenty.us,1,phishing,88287,timeout,Exceeded 90s,90.015
http://www.r2cea529fdfac490348ceb46a1d1ed172b.ws,1,phishing,149638,timeout,Exceeded 90s,90.0
https://www.bastioncollections.nl,0,legitimate,101806,timeout,Exceeded 90s,90.001
https://www.sealynews.com,0,legitimate,121895,timeout,Exceeded 90s,90.015
https://www.threesprings.wa.gov.au,0,legitimate,226117,timeout,Exceeded 90s,90.004
https://s3.amazonaws.com/appforest_uf/f1676017928390x353927162106245900/authrenew.html#andreia.ferreira@cgd.pt,1,phishing,45877,timeout,Exceeded 90s,90.014
https://onlinequranteaching.com/public/v8ivo7o0qbffdtjbeqa53g6yuwdc5fuw,1,phishing,141690,timeout,Exceeded 90s,90.012
http://www.z257554ed91134b2194a4a4b3ed497888d.ws,1,phishing,212362,timeout,Exceeded 90s,90.002
https://www.cocorahs.org,0,legitimate,74246,timeout,Exceeded 90s,90.003
https://www.7generationgames.com,0,legitimate,103926,timeout,Exceeded 90s,90.002
https://www.armscontrolwonk.com,0,legitimate,8548,timeout,Exceeded 90s,90.008
https://www.mnsu.edu,0,legitimate,106003,timeout,Exceeded 90s,90.015
https://www.howesoundbri.org,0,legitimate,167562,timeout,Exceeded 90s,90.003
https://www.finestclubs.com,0,legitimate,216142,timeout,Exceeded 90s,90.001
https://www.mfa.gov.bt,0,legitimate,205949,timeout,Exceeded 90s,90.008
http://www.yns.com,1,phishing,133638,timeout,Exceeded 90s,90.006
https://www.leonego.ro,0,legitimate,110754,timeout,Exceeded 90s,90.007
http://www.formyip.com,1,phishing,4812,timeout,Exceeded 90s,90.014
https://www.showami.com,0,legitimate,156787,timeout,Exceeded 90s,90.01
https://docu-sign24022023doc1-1312962597.cos.ap-chengdu.myqcloud.com/docu.htm,1,phishing,58868,timeout,Exceeded 90s,90.001
http://www.promox.xyz,1,phishing,144025,timeout,Exceeded 90s,90.01
http://www.coolyun.com,1,phishing,212873,timeout,Exceeded 90s,90.0
https://unique-bison-d36hx2.mystrikingly.com/,1,phishing,99396,timeout,Exceeded 90s,90.007
http://www.parafinadomicilio.cl,1,phishing,76254,timeout,Exceeded 90s,90.002
http://ourtime.address-match.workers.dev/,1,phishing,11668,timeout,Exceeded 90s,90.006
https://63yhmail.com/jp,1,phishing,20079,timeout,Exceeded 90s,90.002
http://www.xite.ws,1,phishing,145904,timeout,Exceeded 90s,90.007
https://theedgemall-1317634057.cos.sa-saopaulo.myqcloud.com/theedgemall.html,1,phishing,60377,timeout,Exceeded 90s,90.007
https://www.charlestownmd.org,0,legitimate,196563,timeout,Exceeded 90s,90.004
http://www.lnc7vvhztmjdfm221sdp76xnze5atz.burpcollaborator.net,1,phishing,19030,timeout,Exceeded 90s,90.005
http://www.windfarmdevelopments.co.nz,1,phishing,221958,timeout,Exceeded 90s,90.007
https://www.unco.edu,0,legitimate,230340,timeout,Exceeded 90s,90.003
http://www.cinderconstruction.com,1,phishing,212894,timeout,Exceeded 90s,90.012
http://www.eclectionnesse.blogspot.com,1,phishing,176203,timeout,Exceeded 90s,90.002
https://www.jaffejewelry.com,0,legitimate,65393,timeout,Exceeded 90s,90.015
https://www.firstluxemag.com,0,legitimate,50208,timeout,Exceeded 90s,90.012
https://www.mb.bs.ch,0,legitimate,194572,timeout,Exceeded 90s,90.011
http://www.eric-mandala.com,1,phishing,209949,timeout,Exceeded 90s,90.013
http://www.j86161a81a0b1d25f4963a1d2212c8c067.ws,1,phishing,92314,timeout,Exceeded 90s,90.009
https://www.mexpress.be,0,legitimate,97478,timeout,Exceeded 90s,90.006
https://www.heartofglass.org.uk,0,legitimate,187195,timeout,Exceeded 90s,90.013
https://reconnectings-cloud-b418.d48tf121.workers.dev/bbb07e9e-7a2f-497e-b77f-6752bdd4db86,1,phishing,168955,timeout,Exceeded 90s,90.002
https://www.cit.nih.gov,0,legitimate,62847,timeout,Exceeded 90s,90.01
https://www.hiddenlegendwinery.com,0,legitimate,66370,timeout,Exceeded 90s,90.003
https://porezna-uprava-9d4fd.firebaseapp.com/,1,phishing,136669,timeout,Exceeded 90s,90.007
https://www.ivanabarac.com,0,legitimate,160340,timeout,Exceeded 90s,90.015
http://axieinfinity.club,1,phishing,20475,timeout,Exceeded 90s,90.001
https://www.jmgraphicdesign.com,0,legitimate,190363,timeout,Exceeded 90s,90.015
https://www.roscommoncounty.net,0,legitimate,159902,timeout,Exceeded 90s,90.009
http://www.opticatena.com,1,phishing,197511,timeout,Exceeded 90s,90.01
https://www.airstream.com,0,legitimate,204080,timeout,Exceeded 90s,90.015
https://www.artishock.com,0,legitimate,108555,timeout,Exceeded 90s,90.007
https://rtedsu.freetcp.com/,1,phishing,148949,timeout,Exceeded 90s,90.01
https://www.tailingua.com,0,legitimate,123639,timeout,Exceeded 90s,90.001
http://www.bayrampandemidestkelerim.unaux.com,1,phishing,34770,timeout,Exceeded 90s,90.002
https://gateway.pinata.cloud/ipfs/bafybeibl42ktsvapadbw4gsskvweb3bjbcusyi5aa6irr57sbhyki3woha/sharep.html,1,phishing,211812,timeout,Exceeded 90s,90.0
https://s3.amazonaws.com/appforest_uf/f1678778670641x575682255262988540/ind1.html,1,phishing,70951,timeout,Exceeded 90s,90.006
http://www.eleccom.shop,1,phishing,172339,timeout,Exceeded 90s,90.0
https://fiaord-griows-schiify.yolasite.com/,1,phishing,212897,timeout,Exceeded 90s,90.011
https://www.earlyword.com,0,legitimate,172663,timeout,Exceeded 90s,90.014
http://www.wijsneusmedia.nl,1,phishing,29394,timeout,Exceeded 90s,90.001
https://www.binational.ch,0,legitimate,205716,timeout,Exceeded 90s,90.003
http://www.easyloop.email,1,phishing,142018,timeout,Exceeded 90s,90.001
http://www.m1.videos.vidto.me,1,phishing,155188,timeout,Exceeded 90s,90.015
http://www.usabbs.org,1,phishing,222086,timeout,Exceeded 90s,90.002
https://www.barnsleyfcsupporterstrust.org.uk,0,legitimate,169102,timeout,Exceeded 90s,90.001
https://www.gillettenewsrecord.com,0,legitimate,113404,timeout,Exceeded 90s,90.003
https://www.mooorestaurant.com,0,legitimate,126411,timeout,Exceeded 90s,90.003
https://www.mcnairycountytn.org,0,legitimate,19878,timeout,Exceeded 90s,90.007
https://www.digibete.org,0,legitimate,171273,timeout,Exceeded 90s,90.01
https://www.jingteashop.com,0,legitimate,161291,timeout,Exceeded 90s,90.002
https://www.discountpokershop.com,0,legitimate,202734,timeout,Exceeded 90s,90.005
http://www.coincube.io,1,phishing,565,timeout,Exceeded 90s,90.015
https://www.journalofadvertisingresearch.com,0,legitimate,36708,timeout,Exceeded 90s,90.002
http://www.freevar.com,1,phishing,117756,timeout,Exceeded 90s,90.005
https://www.advent.com,0,legitimate,227400,timeout,Exceeded 90s,90.005
http://www.bodegacomarcal.es,1,phishing,114148,timeout,Exceeded 90s,90.005
https://www.torqlite.com,0,legitimate,119032,timeout,Exceeded 90s,90.004
http://www.fibverse.com,1,phishing,137303,timeout,Exceeded 90s,90.014
http://www.chattelsmore.com,1,phishing,92428,timeout,Exceeded 90s,90.01
https://metafb-rdek30m.firebaseapp.com/,1,phishing,57780,timeout,Exceeded 90s,90.005
https://www.bnhs.org,0,legitimate,51808,timeout,Exceeded 90s,90.006
https://www.plentysingles.com,0,legitimate,183521,timeout,Exceeded 90s,90.013
https://www.gadventures.com,0,legitimate,2815,timeout,Exceeded 90s,90.007
https://www.eswd.eu,0,legitimate,140241,timeout,Exceeded 90s,90.013
https://www.visitsyracuse.com,0,legitimate,226427,timeout,Exceeded 90s,90.014
http://www.podathon.org,1,phishing,146574,timeout,Exceeded 90s,90.012
http://www.1mfcbuj1wnoqbfgmbgi6xrordv.net,1,phishing,77667,timeout,Exceeded 90s,90.002
https://www.botsify.com,0,legitimate,74945,timeout,Exceeded 90s,90.008
https://www.royalfreeprivatepatients.com,0,legitimate,74557,timeout,Exceeded 90s,90.009
https://thebrinsoninstitute.com/,1,phishing,107415,timeout,Exceeded 90s,90.016
https://www.grahamandgreen.co.uk,0,legitimate,31295,timeout,Exceeded 90s,90.0
https://pxlme.me/yzpxs5_d,1,phishing,149091,timeout,Exceeded 90s,90.008
https://ipfs.best-practice.se/ipfs/bafybeihxptow7hycar3aghbxd4xvws4sucyqh2tzgz3wvo7eoj4qkrgahy/,1,phishing,186158,timeout,Exceeded 90s,90.01
https://www.kubiena-kochblog.com,0,legitimate,233369,timeout,Exceeded 90s,90.008
http://www.newmillenniumgaming.com,1,phishing,139090,timeout,Exceeded 90s,90.002
https://www.americanamusic.org,0,legitimate,55969,timeout,Exceeded 90s,90.001
https://storageapi.fleek.co/f93bbabc-c9fe-416b-9895-abc3c414d6f4-bucket/tec9/index.html,1,phishing,142865,timeout,Exceeded 90s,90.009
https://www.ovationmedspa.com,0,legitimate,13130,timeout,Exceeded 90s,90.009
https://www.meliparties.gr,0,legitimate,52297,timeout,Exceeded 90s,90.003
http://www.stickerp.fbcode.co,1,phishing,109029,timeout,Exceeded 90s,90.005
https://signinatt.boxmode.io/,1,phishing,115862,timeout,Exceeded 90s,90.015
https://www.want.nl,0,legitimate,20340,timeout,Exceeded 90s,90.002
http://www.clool.welco.live,1,phishing,162010,timeout,Exceeded 90s,90.0
https://www.lecrae.net,0,legitimate,53631,timeout,Exceeded 90s,90.01
https://www.fmeter.ru,0,legitimate,19108,timeout,Exceeded 90s,90.012
https://www.thetype.com,0,legitimate,95316,timeout,Exceeded 90s,90.015
https://www.hauteloire.fr,0,legitimate,50202,timeout,Exceeded 90s,90.002
http://www.com-password.link,1,phishing,14460,timeout,Exceeded 90s,90.008
https://www.gymnasticsnz.com,0,legitimate,32971,timeout,Exceeded 90s,90.008
https://ach-confirmation.web.app/,1,phishing,190699,timeout,Exceeded 90s,90.004
https://periodic-servic.start.page/,1,phishing,7713,timeout,Exceeded 90s,90.003
https://www.etrust.org,0,legitimate,6783,timeout,Exceeded 90s,90.009
https://www.equifaxsecurity2017.com,0,legitimate,119859,timeout,Exceeded 90s,90.009
http://www.ndhj.fburl.fun,1,phishing,151370,timeout,Exceeded 90s,90.004
https://www.inchirieri-limuzinebucuresti.ro/gategroup/index.html,1,phishing,130069,timeout,Exceeded 90s,90.002
http://www.lendloan.xyz,1,phishing,155851,timeout,Exceeded 90s,90.005
https://www.clio.com,0,legitimate,161963,timeout,Exceeded 90s,90.011
http://smsorangesmsmessage.myfreesites.net/,1,phishing,166767,timeout,Exceeded 90s,90.001
https://www.balfourbeatty.com,0,legitimate,55632,timeout,Exceeded 90s,90.014
http://www.nmobe.com,1,phishing,112949,timeout,Exceeded 90s,90.015
https://www.oceancruisingclub.org,0,legitimate,94429,timeout,Exceeded 90s,90.006
https://www.munz.org.nz,0,legitimate,186590,timeout,Exceeded 90s,90.003
https://www.autosama.it,0,legitimate,25041,timeout,Exceeded 90s,90.014
https://www.rmit.edu.au,0,legitimate,24378,timeout,Exceeded 90s,90.006
https://inprocheks.start.page/,1,phishing,152894,timeout,Exceeded 90s,90.009
http://www.davids.club,1,phishing,150750,timeout,Exceeded 90s,90.001
http://www.vlinux.com,1,phishing,21269,timeout,Exceeded 90s,90.015
http://www.jixx.net,1,phishing,234645,timeout,Exceeded 90s,90.014
https://www.theplaidzebra.com,0,legitimate,56220,timeout,Exceeded 90s,90.009
https://www.luthersem.edu,0,legitimate,16441,timeout,Exceeded 90s,90.001
https://www.zaveczresearch.hu,0,legitimate,216318,timeout,Exceeded 90s,90.011
http://www.ipv6-microsoft.com,1,phishing,193423,timeout,Exceeded 90s,90.007
https://still-frost-a27c.u84799i09929.workers.dev/,1,phishing,193349,timeout,Exceeded 90s,90.007
https://www.theaterorgel.nl,0,legitimate,52952,timeout,Exceeded 90s,90.001
http://www.lowdowntracks.com,1,phishing,171298,timeout,Exceeded 90s,90.01
https://www.countontgm.com,0,legitimate,35347,timeout,Exceeded 90s,90.001
https://www.eso.ky,0,legitimate,103416,timeout,Exceeded 90s,90.006
https://www.nandatirre.com.br,0,legitimate,197509,timeout,Exceeded 90s,90.008
https://www.crowsshadow.org,0,legitimate,235564,timeout,Exceeded 90s,90.015
http://www.plpoiupakludkosa.in,1,phishing,172721,timeout,Exceeded 90s,90.003
http://www.strand-und-hund.de,1,phishing,48746,timeout,Exceeded 90s,90.009
http://www.fundwise.pro,1,phishing,181975,timeout,Exceeded 90s,90.002
http://www.thisislandonbraverman.com,1,phishing,82826,timeout,Exceeded 90s,90.001
http://www.jiemao.welco.live,1,phishing,46971,timeout,Exceeded 90s,90.005
https://www.naval-history.net,0,legitimate,173984,timeout,Exceeded 90s,90.015
http://www.wpk35.com,1,phishing,6065,timeout,Exceeded 90s,90.013
https://www.du.edu,0,legitimate,27667,timeout,Exceeded 90s,90.014
http://www.012webpages.com,1,phishing,199072,timeout,Exceeded 90s,90.003
https://www.slampoetry.cz,0,legitimate,76160,timeout,Exceeded 90s,90.012
https://www.crue.org,0,legitimate,217159,timeout,Exceeded 90s,90.016
https://www.pxpcontemporary.com,0,legitimate,86139,timeout,Exceeded 90s,90.003
https://activites-commerciales-5.web.app/,1,phishing,103643,timeout,Exceeded 90s,90.015
https://www.giro.com,0,legitimate,203429,timeout,Exceeded 90s,90.013
https://www.princesspartyperfect.com,0,legitimate,100432,timeout,Exceeded 90s,90.004
https://www.happyathomeinhomecare.com,0,legitimate,114007,timeout,Exceeded 90s,90.009
https://www.ge.ch,0,legitimate,78531,timeout,Exceeded 90s,90.014
http://iniciar-sesion-pers0nas.redwebhost.com/,1,phishing,168834,timeout,Exceeded 90s,90.003
https://www.vanderwalenzonen.nl,0,legitimate,118556,timeout,Exceeded 90s,90.007
http://www.freediving.jworks.io,1,phishing,56475,timeout,Exceeded 90s,90.01
http://www.privateinternetaccess.com,1,phishing,155873,timeout,Exceeded 90s,90.014
http://s.id/bperassistenza,1,phishing,197154,timeout,Exceeded 90s,90.004
https://www.webnolimit.cz,0,legitimate,112799,timeout,Exceeded 90s,90.01
http://www.scottstreit.com,1,phishing,78100,timeout,Exceeded 90s,90.015
http://www.gghome.org,1,phishing,216525,timeout,Exceeded 90s,90.005
https://promouleht.web.app/,1,phishing,114020,timeout,Exceeded 90s,90.004
http://www.dinastycoin.crypto-webminer.com,1,phishing,127246,timeout,Exceeded 90s,90.014
https://www.chefacademy.it,0,legitimate,178326,timeout,Exceeded 90s,90.016
https://share.ebforms.com/6158639759360000,1,phishing,167994,timeout,Exceeded 90s,90.012
https://www.videoproc.com,0,legitimate,152202,timeout,Exceeded 90s,90.004
https://www.tearsofcrimson.com,0,legitimate,194495,timeout,Exceeded 90s,90.013
https://www.socioprognoz.ru,0,legitimate,1201,timeout,Exceeded 90s,90.005
https://www.29er.org.uk,0,legitimate,216666,timeout,Exceeded 90s,90.012
https://www.fastenersuperstore.com,0,legitimate,166404,timeout,Exceeded 90s,90.012
https://confrimyou.start.page/,1,phishing,113975,timeout,Exceeded 90s,90.015
https://www.pumphreyfuneralhome.com,0,legitimate,31513,timeout,Exceeded 90s,90.004
http://www.filedownloaderserverx.com,1,phishing,44950,timeout,Exceeded 90s,90.012
https://www.drlhands.com,0,legitimate,149858,timeout,Exceeded 90s,90.011
https://www.lukoil.com,0,legitimate,151018,timeout,Exceeded 90s,90.015
https://www.kewlioo.com,0,legitimate,132370,timeout,Exceeded 90s,90.005
http://www.mine.bz,1,phishing,145517,timeout,Exceeded 90s,90.003
http://www.ce.vg,1,phishing,63018,timeout,Exceeded 90s,90.003
https://www.damaruworks.com,0,legitimate,1197,timeout,Exceeded 90s,90.015
https://www.rencp.org,0,legitimate,152704,timeout,Exceeded 90s,90.008
http://www.sanberinottalicom.uni.me,1,phishing,45564,timeout,Exceeded 90s,90.015
https://www.goldcoastconnect.com,0,legitimate,223930,timeout,Exceeded 90s,90.005
http://www.v.gp,1,phishing,172816,timeout,Exceeded 90s,90.012
https://www.modernabuenosaires.org,0,legitimate,98487,timeout,Exceeded 90s,90.015
https://www.falconierivisuals.com,0,legitimate,141089,timeout,Exceeded 90s,90.014
https://demo2.cloudwp.dev/trial-wu5zwv5y/wp-content/plugins/d/ing.es/es/ing/,1,phishing,46861,timeout,Exceeded 90s,90.001
https://www.teced.com,0,legitimate,5706,timeout,Exceeded 90s,90.006
https://giantpips.com/intesa/,1,phishing,50310,timeout,Exceeded 90s,90.013
https://www.andyrourke.com,0,legitimate,110923,timeout,Exceeded 90s,90.007
https://www.buddhism.hku.hk,0,legitimate,6784,timeout,Exceeded 90s,90.011
https://www.cribbsstyle.com,0,legitimate,64988,timeout,Exceeded 90s,90.003
http://www.malerei-wiesner.de,1,phishing,11919,timeout,Exceeded 90s,90.011
https://wpguys.com.au/wp-content/themes/twentytwentythree/styles/de/de/,1,phishing,193030,timeout,Exceeded 90s,90.003
http://www.j4bf75605e3940e6f7c1ff9d02cedae50b.ws,1,phishing,221525,timeout,Exceeded 90s,90.012
http://ro12rq.hyperphp.com/,1,phishing,126132,timeout,Exceeded 90s,90.001
https://www.chinapetmarket.com,0,legitimate,9100,timeout,Exceeded 90s,90.01
https://www.ilovebiko.com,0,legitimate,21898,timeout,Exceeded 90s,90.001
http://uniswap.codeislaw.co,1,phishing,78883,timeout,Exceeded 90s,90.016
https://www.aurh.fr,0,legitimate,233185,timeout,Exceeded 90s,90.013
http://replug.link/webapp,1,phishing,45243,timeout,Exceeded 90s,90.008
http://www.millerjeanne.com,1,phishing,26267,timeout,Exceeded 90s,90.002
http://www.cl4n.org,1,phishing,88526,timeout,Exceeded 90s,90.005
https://www.jne-asso.org,0,legitimate,88822,timeout,Exceeded 90s,90.008
http://www.ql4h.net,1,phishing,186245,timeout,Exceeded 90s,90.005
http://www.pec7b77ea40a942e19f5185ba003edbd0a.ws,1,phishing,29472,timeout,Exceeded 90s,90.003
http://www.isdes.com,1,phishing,163807,timeout,Exceeded 90s,90.002
https://ipfs.litnet.work/ipfs/bafybeifp5xd7rlkiagub3plyvtm4cl7gzctw65ndle7cdxbczbsldlhgy4,1,phishing,85264,timeout,Exceeded 90s,90.014
https://www.fonate.co,0,legitimate,160923,timeout,Exceeded 90s,90.013
http://www.unitedhardwood.com,1,phishing,32238,timeout,Exceeded 90s,90.0
https://www.eje21.com.co,0,legitimate,229467,timeout,Exceeded 90s,90.005
https://www.digi-archives.org,0,legitimate,163634,timeout,Exceeded 90s,90.015
https://www.llvm.org,0,legitimate,142811,timeout,Exceeded 90s,90.013
http://www.dkfdyzwm.org,1,phishing,36611,timeout,Exceeded 90s,90.001
https://teknodia.com/,1,phishing,119708,timeout,Exceeded 90s,90.001
https://49581.cn/select/,1,phishing,15697,timeout,Exceeded 90s,90.015
https://www.weddingshows.com,0,legitimate,17848,timeout,Exceeded 90s,90.015
https://www.erlang-factory.com,0,legitimate,48830,timeout,Exceeded 90s,90.008
https://orange789.yolasite.com/,1,phishing,88270,timeout,Exceeded 90s,90.006
https://www.mtmemory.org,0,legitimate,218920,timeout,Exceeded 90s,90.0
https://objectstorage.eu-frankfurt-1.oraclecloud.com/n/frdtal0a81zt/b/25363723wetransfer374833/o/login.microsoftonline.htm,1,phishing,81467,timeout,Exceeded 90s,90.014
https://storageapi-stg.fleek.co/ce38db9f-331e-42a4-a1d2-caf84e78eee4-bucket/fguwy.html,1,phishing,16889,timeout,Exceeded 90s,90.006
https://fb-appeal.reqeust.34ccb.web411.s227.goserver.host/?caseid4001681642652998,1,phishing,130368,timeout,Exceeded 90s,90.013
https://mpgrobalseq.web.app/,1,phishing,72862,timeout,Exceeded 90s,90.005
https://www.odysseyadventures.ca,0,legitimate,107184,timeout,Exceeded 90s,90.006
http://www.bitly.tw,1,phishing,219619,timeout,Exceeded 90s,90.006
https://www.nautilus.com,0,legitimate,211768,timeout,Exceeded 90s,90.012
https://secure-meta-business.start.page/,1,phishing,69261,timeout,Exceeded 90s,90.003
https://www.polishyourkitchen.com,0,legitimate,148621,timeout,Exceeded 90s,90.008
https://www.ventrella.com,0,legitimate,112638,timeout,Exceeded 90s,90.015
http://test.infor.speakdemo.nl,1,phishing,233060,timeout,Exceeded 90s,90.007
http://www.robevansphotography.com,1,phishing,88271,timeout,Exceeded 90s,90.01
https://www.georgecmarshall.org,0,legitimate,50957,timeout,Exceeded 90s,90.002
https://www.pearlrivercounty.net,0,legitimate,132368,timeout,Exceeded 90s,90.012
https://www.roundesk.io,0,legitimate,228139,timeout,Exceeded 90s,90.015
https://www.klcweb.com,0,legitimate,60024,timeout,Exceeded 90s,90.009
http://www.housesfurniture.com,1,phishing,61112,timeout,Exceeded 90s,90.008
https://www.cameocolourslacquers.com,0,legitimate,56589,timeout,Exceeded 90s,90.008
http://www.login-outlook.com,1,phishing,10888,timeout,Exceeded 90s,90.011
http://www.ridingpassion.com,1,phishing,193018,timeout,Exceeded 90s,90.012
http://www.tork-aesthetics.de,1,phishing,180127,timeout,Exceeded 90s,90.002
https://www.diena.lv,0,legitimate,122204,timeout,Exceeded 90s,90.015
https://www.epdc.org,0,legitimate,158828,timeout,Exceeded 90s,90.015
http://www.gloriousflooring.com,1,phishing,19993,timeout,Exceeded 90s,90.005
https://www.vsnw.org.uk,0,legitimate,213860,timeout,Exceeded 90s,90.006
https://www.conceptlighting.ca,0,legitimate,76037,timeout,Exceeded 90s,90.005
http://www.rielt911.ru,1,phishing,231058,timeout,Exceeded 90s,90.014
https://www.regalsalons.com,0,legitimate,57094,timeout,Exceeded 90s,90.006
https://www.phew-hyuga.jp,0,legitimate,190433,timeout,Exceeded 90s,90.013
https://fax156008345fx46900fx-1309906520.cos.na-ashburn.myqcloud.com/fxx.htm,1,phishing,221462,timeout,Exceeded 90s,90.013
https://micro50495045045.firebaseapp.com/,1,phishing,54033,timeout,Exceeded 90s,90.005
https://www.sfr.hotline-phone.ru/,1,phishing,228913,timeout,Exceeded 90s,90.011
http://www.nlasandbox3.com,1,phishing,22891,timeout,Exceeded 90s,90.002
https://pub-2f278acfc41d42c0819903bab3948030.r2.dev/index.html,1,phishing,208809,timeout,Exceeded 90s,90.006
http://www.web.pe,1,phishing,172151,timeout,Exceeded 90s,90.01
https://rb.gy/gcdakd,1,phishing,47179,timeout,Exceeded 90s,90.002
http://www.etfv.fbcode.co,1,phishing,176932,timeout,Exceeded 90s,90.005
https://www.tizen.org,0,legitimate,145307,timeout,Exceeded 90s,90.012
https://www.hilti.com,0,legitimate,41681,timeout,Exceeded 90s,90.014
http://www.hmtpolska.home.pl,1,phishing,119935,timeout,Exceeded 90s,90.007
http://www.existing.suroot.com,1,phishing,230871,timeout,Exceeded 90s,90.015
http://www-lovecandyfloss-com.usrfiles.com/html/0e472f_4d9b2a88f72eb4191a8eb158b004ca1f.html,1,phishing,32786,timeout,Exceeded 90s,90.004
https://d3da1290-d3c2-4262-a3b3-159281530e6b.usrfiles.com/html/0e472f_4d9b2a88f72eb4191a8eb158b004ca1f.html,1,phishing,11537,timeout,Exceeded 90s,90.008
http://www.utransilvania.ro,1,phishing,3725,timeout,Exceeded 90s,90.01
https://www.toothbrushtravels.com,0,legitimate,179005,timeout,Exceeded 90s,90.012
https://www.gazettextra.com,0,legitimate,205553,timeout,Exceeded 90s,90.015
https://cmkgracedvne.firebaseapp.com/,1,phishing,39331,timeout,Exceeded 90s,90.013
http://mclieull-khuody-mccleiags.yolasite.com/,1,phishing,69633,timeout,Exceeded 90s,90.005
https://www.bebee.com,0,legitimate,135152,timeout,Exceeded 90s,90.012
https://www.ggapps.net,0,legitimate,72339,timeout,Exceeded 90s,90.015
http://www.chatting.fbcode.co,1,phishing,71893,timeout,Exceeded 90s,90.01
https://www.nickleeson.com,0,legitimate,47180,timeout,Exceeded 90s,90.009
https://bryanapps2.club/,1,phishing,83504,timeout,Exceeded 90s,90.012
https://www.elo-saatio.fi,0,legitimate,172326,timeout,Exceeded 90s,90.003
https://case1009601563058632012963.firebaseapp.com/,1,phishing,55376,timeout,Exceeded 90s,90.007
https://www.livestockshowgirls.com,0,legitimate,133598,timeout,Exceeded 90s,90.0
https://www.mytopdrawer.com,0,legitimate,208741,timeout,Exceeded 90s,90.002
https://www.impgroup.org,0,legitimate,92049,timeout,Exceeded 90s,90.005
http://www.bramynapilota.com.pl,1,phishing,154248,timeout,Exceeded 90s,90.003
https://www.brainhq.com,0,legitimate,21064,timeout,Exceeded 90s,90.014
https://www.bioisbiotiful.com,0,legitimate,185280,timeout,Exceeded 90s,90.012
https://www.ehextra.com,0,legitimate,203925,timeout,Exceeded 90s,90.013
https://t.ly/d3ko3rivers/verify,1,phishing,121984,timeout,Exceeded 90s,90.015
https://www.commanderspalace.com,0,legitimate,156396,timeout,Exceeded 90s,90.013
https://www.fringesport.com,0,legitimate,2992,timeout,Exceeded 90s,90.011
https://www.a-musik.com,0,legitimate,42610,timeout,Exceeded 90s,90.01
http://www.led-q.com,1,phishing,145672,timeout,Exceeded 90s,90.011
https://bafybeidlb5ejiem7hie723et6gbwymkmudtpmzlh7c5v2wntin4h352dyq.ipfs.w3s.link/,1,phishing,128838,timeout,Exceeded 90s,90.005
https://gateway.pinata.cloud/ipfs/bafybeicpzmzp67z7j64n37lgmkgqvaxq2ddu46exvqldxqcwf2sxbkr7ae/,1,phishing,98846,timeout,Exceeded 90s,90.0
http://www.andersoninc.biz,1,phishing,98889,timeout,Exceeded 90s,90.006
http://www.proxite.de,1,phishing,221787,timeout,Exceeded 90s,90.016
https://www.stramaxon.com,0,legitimate,129727,timeout,Exceeded 90s,90.0
https://www.melvinsmarty.com,0,legitimate,35637,timeout,Exceeded 90s,90.009
https://www.royalliteglobal.com,0,legitimate,97793,timeout,Exceeded 90s,90.003
https://app3-smsvn.web.app/,1,phishing,70984,timeout,Exceeded 90s,90.003
http://www.icilimoges.com,1,phishing,40026,timeout,Exceeded 90s,90.015
https://business01872961.web.app/,1,phishing,1851,timeout,Exceeded 90s,90.005
http://www.quickbooks.thormobilemanagement.com,1,phishing,144874,timeout,Exceeded 90s,90.004
https://www.tagesschau.de,0,legitimate,218400,timeout,Exceeded 90s,90.009
https://travaux.fr.fo/,1,phishing,168927,timeout,Exceeded 90s,90.006
http://www.bethesdaclinicllc.com,1,phishing,58346,timeout,Exceeded 90s,90.011
https://www.atrie.lv,0,legitimate,54440,timeout,Exceeded 90s,90.009
http://www.ezblox.site/free/jennifer111/helpdesk,1,phishing,198448,timeout,Exceeded 90s,90.013
http://www.servep2p.com,1,phishing,63958,timeout,Exceeded 90s,90.008
https://infoefocusiric.github.io/portfolio/mik_webm.html,1,phishing,159129,timeout,Exceeded 90s,90.005
https://www.lakedistricthotels.net,0,legitimate,29359,timeout,Exceeded 90s,90.015
https://www.asukanet.gr.jp,0,legitimate,137781,timeout,Exceeded 90s,90.009
http://www.halemdus.000space.com,1,phishing,105398,timeout,Exceeded 90s,90.014
http://www.hybru.com,1,phishing,29774,timeout,Exceeded 90s,90.01
https://www.survation.com,0,legitimate,160191,timeout,Exceeded 90s,90.008
https://www.finedininglovers.it,0,legitimate,42791,timeout,Exceeded 90s,90.009
https://www.teledyne-ai.com,0,legitimate,85249,timeout,Exceeded 90s,90.006
https://billfenwick.fyfima.workers.dev/,1,phishing,169537,timeout,Exceeded 90s,90.002
https://janssonentreprenadab-my.sharepoint.com/personal/johan_jent_se/_layouts/15/doc.aspx?sourcedoc=%7beec8258f-a831-42dd-be37-a7186f3b17ee%7d&action=default&slrid=46cb5da0-f097-4000-fa3f-ad6d18add717&originalpath=ahr0chm6ly9qyw5zc29uzw50cmvwcmvuywrhyi1tes5zagfyzxbvaw50lmnvbs86bzovzy9wzxjzb25hbc9qb2hhbl9qzw50x3nll0vvogx5tzr4cu4xq3zqzw5hrzg3ri00qkzlswlowfbjwfp2c0xncgiydfnpz3c_cnrpbwu9b1dcnljfmkuya2c&cid=5712c764-51dd-4b60-bae5-9412676adf48,1,phishing,188580,timeout,Exceeded 90s,90.006
https://www.northmetrotafe.wa.edu.au,0,legitimate,48691,timeout,Exceeded 90s,90.015
https://s3.amazonaws.com/appforest_uf/f1674728303225x516069272322548600/index.html?email=amzn-noc-contact@amazon.com,1,phishing,139225,timeout,Exceeded 90s,90.002
https://www.tapasproject.org,0,legitimate,231572,timeout,Exceeded 90s,90.015
http://www.o-f.com,1,phishing,82796,timeout,Exceeded 90s,90.013
https://www.chennaimagic.com,0,legitimate,168815,timeout,Exceeded 90s,90.003
https://www.adelaidemetro.com.au,0,legitimate,51025,timeout,Exceeded 90s,90.012
https://s3.amazonaws.com/appforest_uf/f1677071438578x818198390970652900/tag-6250ec-de094-fd4ce0d-010612.html,1,phishing,156801,timeout,Exceeded 90s,90.002
https://www.aieuk.com,0,legitimate,53195,timeout,Exceeded 90s,90.003
https://www.wacd.ucla.edu,0,legitimate,232539,timeout,Exceeded 90s,90.009
https://page-review-0901513.firebaseapp.com/,1,phishing,3553,timeout,Exceeded 90s,90.002
https://www.manasianliteraryprize.org,0,legitimate,6379,timeout,Exceeded 90s,90.002
https://www.globalworkplaceinsider.com,0,legitimate,213783,timeout,Exceeded 90s,90.01
https://www.citynews.ca,0,legitimate,217185,timeout,Exceeded 90s,90.012
https://www.goggles4u.co.uk,0,legitimate,7730,timeout,Exceeded 90s,90.002
https://www.swtor.com,0,legitimate,194425,timeout,Exceeded 90s,90.003
http://www.ch.st,1,phishing,39115,timeout,Exceeded 90s,90.006
http://www.advanced-ip-scanners.com,1,phishing,102079,timeout,Exceeded 90s,90.01
https://www.c250.columbia.edu,0,legitimate,10508,timeout,Exceeded 90s,90.002
https://www.putorius.net,0,legitimate,58693,timeout,Exceeded 90s,90.015
http://www.sexescortsdubai.com,1,phishing,229237,timeout,Exceeded 90s,90.005
https://www.w3cschool.cn,0,legitimate,193566,timeout,Exceeded 90s,90.006
http://post-id-9862411.atwebpages.com/marketplace7651254.facebook.com.au/,1,phishing,212618,timeout,Exceeded 90s,90.015
https://www.mactancebuairport.com,0,legitimate,191429,timeout,Exceeded 90s,90.013
http://www.solutionfun.info,1,phishing,150341,timeout,Exceeded 90s,90.007
https://www.orgelnieuws.nl,0,legitimate,214660,timeout,Exceeded 90s,90.004
https://www.gem5.org,0,legitimate,51064,timeout,Exceeded 90s,90.002
https://s.id/dhl-pay,1,phishing,90339,timeout,Exceeded 90s,90.002
https://www.britishwittgensteinsociety.org,0,legitimate,46203,timeout,Exceeded 90s,90.008
http://www.mingxinjj.com,1,phishing,90954,timeout,Exceeded 90s,90.004
https://www.nilipe.co.tz,0,legitimate,50256,timeout,Exceeded 90s,90.01
http://www.board.welco.live,1,phishing,162845,timeout,Exceeded 90s,90.007
https://metafb-tt5acs5.web.app/,1,phishing,171824,timeout,Exceeded 90s,90.004
https://www.elliottelectric.com,0,legitimate,45931,timeout,Exceeded 90s,90.002
https://profilcledigitale.web.app/,1,phishing,235218,timeout,Exceeded 90s,90.006
https://linklist.bio/luiza_bolos?gclid=eaiaiqobchmigbqd76mp_qivohtuar3qsgjeeaayayaaegifevd_bwe,1,phishing,55208,timeout,Exceeded 90s,90.013
http://www.b011963f591288490efc54aa6e24ee1715.ws,1,phishing,42493,timeout,Exceeded 90s,90.011
https://ipfs.best-practice.se/ipfs/qmcboy277nrttrwvrgkm8nwv26s8dtd3enexna4edbzthr/download.htm?,1,phishing,41651,timeout,Exceeded 90s,90.007
https://www.wethersfieldhistory.org,0,legitimate,216058,timeout,Exceeded 90s,90.011
http://www.nicevps.net,1,phishing,83490,timeout,Exceeded 90s,90.007
https://recargasdigitais.com/veja/agora/facil,1,phishing,59714,timeout,Exceeded 90s,90.001
https://www.livingstreets.org.uk,0,legitimate,66153,timeout,Exceeded 90s,90.005
http://www.lightweb.eu,1,phishing,217010,timeout,Exceeded 90s,90.01
https://u.to/b2gahw,1,phishing,105803,timeout,Exceeded 90s,90.006
https://www.kosovo.net,0,legitimate,22122,timeout,Exceeded 90s,90.009
http://viacredi-coope.epizy.com/?i=2,1,phishing,210580,timeout,Exceeded 90s,90.015
https://tribelio.page/user-baned-comfirm,1,phishing,175164,timeout,Exceeded 90s,90.007
https://s3.amazonaws.com/appforest_uf/f1678819524043x697540050091985500/emailverification.html?email=revisionendosos@bbva.com,1,phishing,148830,timeout,Exceeded 90s,90.004
https://www.liftmaster.com,0,legitimate,182875,timeout,Exceeded 90s,90.003
https://proceso-de-seguridad-banco-bhd.jimdosite.com/,1,phishing,96786,timeout,Exceeded 90s,90.015
https://www.cea-accredit.org,0,legitimate,174973,timeout,Exceeded 90s,90.003
https://www.gyvd.xyz/,1,phishing,20437,timeout,Exceeded 90s,90.015
https://storageapi.fleek.co/6bc8e38b-1b23-4f7d-afd2-4acca5804cf1-bucket/index.html,1,phishing,68258,timeout,Exceeded 90s,90.008
http://www.07574008.com,1,phishing,189355,timeout,Exceeded 90s,90.006
https://www.easyuni.com,0,legitimate,140209,timeout,Exceeded 90s,90.01
http://www.natwpersonal-online.com,1,phishing,91086,timeout,Exceeded 90s,90.01
https://www.leoncycle.com.au,0,legitimate,201718,timeout,Exceeded 90s,90.005
https://www.christies.com,0,legitimate,83543,timeout,Exceeded 90s,90.003
https://sites.google.com/view/losieur/accueil,1,phishing,116728,timeout,Exceeded 90s,90.003
https://xfinity23.yolasite.com/,1,phishing,41693,timeout,Exceeded 90s,90.001
https://www.emissieregistratie.nl,0,legitimate,36910,timeout,Exceeded 90s,90.003
https://www.mineolachamber.com,0,legitimate,19004,timeout,Exceeded 90s,90.009
http://www.vpnapplication.com,1,phishing,134350,timeout,Exceeded 90s,90.013
http://www.studenti.it,1,phishing,150005,timeout,Exceeded 90s,90.002
http://www.index01.com,1,phishing,156916,timeout,Exceeded 90s,90.0
https://www.hayleykavapt.com,0,legitimate,57875,timeout,Exceeded 90s,90.012
https://www.kosmorama.org,0,legitimate,151999,timeout,Exceeded 90s,90.006
http://www.funnydeando.com,1,phishing,171707,timeout,Exceeded 90s,90.004
https://www.languagecomparison.com,0,legitimate,35012,timeout,Exceeded 90s,90.013
https://www.jazzmusicarchives.com,0,legitimate,59416,timeout,Exceeded 90s,90.009
http://www-thermapolis-com.usrfiles.com/html/0e472f_4d9b2a88f72eb4191a8eb158b004ca1f.html,1,phishing,160685,timeout,Exceeded 90s,90.012
https://ayudaalosperros.filesusr.com/html/b2766a_ddd3079eb13b048ee9de3517a759b9aa.html,1,phishing,104209,timeout,Exceeded 90s,90.007
http://www.ssrai.org,1,phishing,101103,timeout,Exceeded 90s,90.012
https://0908mlkjh.webcindario.com/,1,phishing,160773,timeout,Exceeded 90s,90.005
https://storageapi.fleek.co/19dc4686-e35a-4003-8b63-52c851d46816-bucket/paiement/mattt.html,1,phishing,60677,timeout,Exceeded 90s,90.009
https://stepp11-a7e2a.firebaseapp.com/,1,phishing,176816,timeout,Exceeded 90s,90.004
https://www.designerie.com,0,legitimate,223183,timeout,Exceeded 90s,90.012
https://qrco.de/bdsijh?trackid=tmao8wjklyyyxhrxjzuwqvx0qqt4rif1zqwq5juzfm,1,phishing,49543,timeout,Exceeded 90s,90.014
https://ipfs.best-practice.se/ipfs/bafybeigzcvq4bstcsbq3cbm7ulfhhdbg2l6n22sigh5xsng4dpbkueje6q,1,phishing,33838,timeout,Exceeded 90s,90.015
http://www.kosic.or.kr,1,phishing,77609,timeout,Exceeded 90s,90.015
http://www.grek.uni.me,1,phishing,9187,timeout,Exceeded 90s,90.013
http://www.takemetoyouheart.c1.biz,1,phishing,199871,timeout,Exceeded 90s,90.015
http://organisasi.bulungan.go.id/public/kzpiytkq44h6vstagot2yglzw0kklsc4,1,phishing,56135,timeout,Exceeded 90s,90.013
https://derickcarvalho.github.io/loginpage-netflix,1,phishing,87595,timeout,Exceeded 90s,90.007
https://www.barbadoschamberofcommerce.com,0,legitimate,65928,timeout,Exceeded 90s,90.004
https://www.cim.co.uk,0,legitimate,52841,timeout,Exceeded 90s,90.007
https://www.fluter.de,0,legitimate,146507,timeout,Exceeded 90s,90.01
http://l8.nu/gr9k,1,phishing,196944,timeout,Exceeded 90s,90.015
http://www.eoufaoeuhoauengi.in,1,phishing,190404,timeout,Exceeded 90s,90.0
http://www.bulehero.in,1,phishing,67068,timeout,Exceeded 90s,90.004
https://www.poshhaus.com,0,legitimate,67110,timeout,Exceeded 90s,90.008
http://www.amazceom-co-jp.amaczeon.zhengchengshi.top/,1,phishing,176391,timeout,Exceeded 90s,90.014
http://www.heartlive.welco.live,1,phishing,105714,timeout,Exceeded 90s,90.009
http://www.fmy1671coop241yh7gsh1j5cen8.net,1,phishing,210132,timeout,Exceeded 90s,90.008
http://www.pan.hbhybw888.com,1,phishing,155444,timeout,Exceeded 90s,90.009
http://www.onlinedetect.com,1,phishing,187590,timeout,Exceeded 90s,90.005
https://www.thepeakdistrict.info,0,legitimate,148793,timeout,Exceeded 90s,90.015
http://www.fmcav.com,1,phishing,18998,timeout,Exceeded 90s,90.003
https://www.gebco.net,0,legitimate,177018,timeout,Exceeded 90s,90.004
https://www.piolatorre.it,0,legitimate,50467,timeout,Exceeded 90s,90.01
http://www.xxuujn.cannca.shop,1,phishing,109831,timeout,Exceeded 90s,90.007
https://www.diocesetucson.org,0,legitimate,32926,timeout,Exceeded 90s,90.006
https://www.honeydue.com,0,legitimate,138315,timeout,Exceeded 90s,90.015
https://www.webremarketing.com,0,legitimate,43687,timeout,Exceeded 90s,90.015
https://www.graphicgrand.com,0,legitimate,175466,timeout,Exceeded 90s,90.008
http://www.conpastcon.com,1,phishing,86976,timeout,Exceeded 90s,90.007
http://www.intrasenz.com,1,phishing,55527,timeout,Exceeded 90s,90.007
https://linkfly.to/50124ai7sal,1,phishing,43746,timeout,Exceeded 90s,90.011
http://www.umczt61q6txzd7d1911z92k62.com,1,phishing,89922,timeout,Exceeded 90s,90.012
http://www.easypc.io,1,phishing,213850,timeout,Exceeded 90s,90.009
https://www.norad.mil,0,legitimate,158215,timeout,Exceeded 90s,90.01
http://www.first-ware.com,1,phishing,75074,timeout,Exceeded 90s,90.001
https://www.elegantmedicalalert.com,0,legitimate,78442,timeout,Exceeded 90s,90.007
http://www.strangled.net,1,phishing,218845,timeout,Exceeded 90s,90.006
https://www.kanab.utah.gov,0,legitimate,167660,timeout,Exceeded 90s,90.011
https://www.gallimard.fr,0,legitimate,215296,timeout,Exceeded 90s,90.009
https://www.royalsociety.org.nz,0,legitimate,125436,timeout,Exceeded 90s,90.013
https://www.seattlefishguys.com,0,legitimate,46020,timeout,Exceeded 90s,90.003
http://www.teramed.com.co,1,phishing,115247,timeout,Exceeded 90s,90.006
https://www.shutterbean.com,0,legitimate,43924,timeout,Exceeded 90s,90.002
https://www.poker1.com,0,legitimate,155239,timeout,Exceeded 90s,90.001
https://www.opennessinitiative.org,0,legitimate,213880,timeout,Exceeded 90s,90.0
http://www.homeautomationtexas.com,1,phishing,66360,timeout,Exceeded 90s,90.012
http://www.holdstory.com,1,phishing,225155,timeout,Exceeded 90s,90.01
https://www.geekalerts.com,0,legitimate,44799,timeout,Exceeded 90s,90.005
https://www.thepilot.com,0,legitimate,126396,timeout,Exceeded 90s,90.002
https://www.technologyiowa.org,0,legitimate,1487,timeout,Exceeded 90s,90.009
http://www.grueslayers.eu,1,phishing,225005,timeout,Exceeded 90s,90.014
http://www.ifqbulfwvm.info,1,phishing,189083,timeout,Exceeded 90s,90.015
https://www.kviteseid.kommune.no,0,legitimate,30726,timeout,Exceeded 90s,90.006
https://wvstateu0-my.sharepoint.com/:b:/g/personal/mattie_best_wvstateu_edu/ettsj6gjacndkjs2drmv7oqbo_el_e6tl0jv0l44wzw-_g?e=4%3anjexjy&amp;at=9,1,phishing,220035,timeout,Exceeded 90s,90.008
https://www.sultansolutions.com,0,legitimate,46888,timeout,Exceeded 90s,90.002
https://www.rebeccagoldstein.com,0,legitimate,230599,timeout,Exceeded 90s,90.013
https://sites.google.com/view/atendimento-vivo-em-dia/in%c3%adcio,1,phishing,155618,timeout,Exceeded 90s,90.01
https://www.hsbc.com.ph,0,legitimate,194902,timeout,Exceeded 90s,90.007
http://www.lczyp.com,1,phishing,190146,timeout,Exceeded 90s,90.001
https://www.mux.de,0,legitimate,14285,timeout,Exceeded 90s,90.003
http://www.hanfines.com,1,phishing,118803,timeout,Exceeded 90s,90.004
https://www.homeanddesign.com,0,legitimate,230060,timeout,Exceeded 90s,90.009
https://ipfs.best-practice.se/ipfs/bafybeieqjbfglnuiidkzqb5ivcdvpc6ksg3eb4sztxcdofg6lfw3gzk4p4,1,phishing,106005,timeout,Exceeded 90s,90.004
https://www.dombauwien.at,0,legitimate,89580,timeout,Exceeded 90s,90.0
http://www.inteirado.com.br,1,phishing,71436,timeout,Exceeded 90s,90.003
https://www.bonoboincongo.com,0,legitimate,70917,timeout,Exceeded 90s,90.008
https://www.hallsflowershop.com,0,legitimate,55974,timeout,Exceeded 90s,90.012
https://organisasi.bulungan.go.id/public/royjbnsdwjxqqvnww4lcjctg2ky23spn,1,phishing,207789,timeout,Exceeded 90s,90.014
http://www.cao.tc600.com,1,phishing,26100,timeout,Exceeded 90s,90.003
http://www.owa.blocktrail.com,1,phishing,65176,timeout,Exceeded 90s,90.001
http://www.photopayz.com,1,phishing,134007,timeout,Exceeded 90s,90.004
https://www.fark.com,0,legitimate,40350,timeout,Exceeded 90s,90.013
https://www.zhanqi.tv,0,legitimate,32296,timeout,Exceeded 90s,90.013
http://boursorama-parrainage.fr/,1,phishing,104569,timeout,Exceeded 90s,90.006
https://www.thebesa.com,0,legitimate,99719,timeout,Exceeded 90s,90.01
https://www.oleobotanicals.com,0,legitimate,141663,timeout,Exceeded 90s,90.009
http://organisasi.bulungan.go.id/public/mrdw2cr2hyhswfmmo9xtwir6cefqggjh,1,phishing,177378,timeout,Exceeded 90s,90.006
https://www.filmmattersmagazine.com,0,legitimate,53604,timeout,Exceeded 90s,90.0
http://app-info-23secure2022.rf.gd/,1,phishing,120546,timeout,Exceeded 90s,90.011
http://tinyurl.com/5f22ezmn?07,1,phishing,205033,timeout,Exceeded 90s,90.002
https://www.sacredheartschool.com,0,legitimate,211420,timeout,Exceeded 90s,90.01
https://gnmhnfgnffd.boxmode.io/,1,phishing,184922,timeout,Exceeded 90s,90.014
https://www.csc.edu,0,legitimate,103712,timeout,Exceeded 90s,90.0
http://www.benchpressadvantage.com,1,phishing,48955,timeout,Exceeded 90s,90.015
https://shared-cloud-project.reading-voicee.workers.dev/,1,phishing,207664,timeout,Exceeded 90s,90.001
http://www.3322.org,1,phishing,177825,timeout,Exceeded 90s,90.006
https://www.hspcoachbarbera.com,0,legitimate,221572,timeout,Exceeded 90s,90.005
https://www.roguefolk.bc.ca,0,legitimate,229643,timeout,Exceeded 90s,90.012
http://www.gmae.fbcode.co,1,phishing,79424,timeout,Exceeded 90s,90.0
https://www.upf.ac.ma,0,legitimate,112614,timeout,Exceeded 90s,90.004
https://gateway.pinata.cloud/ipfs/bafybeifjpchtpz3zs5nnjtjnropkogwhknkqubznzi3hhpamgma5ctuk6e/m7m70mr.html,1,phishing,146801,timeout,Exceeded 90s,90.014
https://www.ff.vu.lt,0,legitimate,159420,timeout,Exceeded 90s,90.005
https://www.aurionuae.com,0,legitimate,70551,timeout,Exceeded 90s,90.006
https://www.afghanboxcamera.com,0,legitimate,127854,timeout,Exceeded 90s,90.009
https://www.foriawellness.com,0,legitimate,156238,timeout,Exceeded 90s,90.012
https://www.carmate.co.jp,0,legitimate,59690,timeout,Exceeded 90s,90.005
https://www.iir.cz,0,legitimate,145383,timeout,Exceeded 90s,90.009
http://www.nin-nin-game.com/en/login/,1,phishing,232356,timeout,Exceeded 90s,90.003
https://walletdapp.netlify.app,1,phishing,164302,timeout,Exceeded 90s,90.0
https://www.med.stanford.edu,0,legitimate,45905,timeout,Exceeded 90s,90.012
http://www.aryabhattahighschool.com,1,phishing,27770,timeout,Exceeded 90s,90.002
https://www.mbientlab.com,0,legitimate,84121,timeout,Exceeded 90s,90.002
https://www.check24-partnerprogramm.de,0,legitimate,65315,timeout,Exceeded 90s,90.011
https://appsctrl02.firebaseapp.com/,1,phishing,137956,timeout,Exceeded 90s,90.006
https://www.suttons.co.uk,0,legitimate,51825,timeout,Exceeded 90s,90.002
https://mywonderbooks.com/home.html/autoload.html?c=track,1,phishing,128506,timeout,Exceeded 90s,90.007
https://bir365.com/,1,phishing,186928,timeout,Exceeded 90s,90.006
https://www.sewyoursoul.co.uk,0,legitimate,157279,timeout,Exceeded 90s,90.008
http://www.lemapfrance.org,1,phishing,4601,timeout,Exceeded 90s,90.006
https://www.gardenersworld.com,0,legitimate,1943,timeout,Exceeded 90s,90.0
http://www.info24h.de,1,phishing,57452,timeout,Exceeded 90s,90.008
https://www.izu.edu.tr,0,legitimate,18771,timeout,Exceeded 90s,90.006
http://www.pinnaclehomesusa.net,1,phishing,124155,timeout,Exceeded 90s,90.012
https://www.kristalnaya.ru,0,legitimate,225239,timeout,Exceeded 90s,90.01
https://www.mamaye.org,0,legitimate,53377,timeout,Exceeded 90s,90.012
http://www.papagunnakjllidmc.blogspot.com,1,phishing,123068,timeout,Exceeded 90s,90.0
https://microsoft103.yolasite.com/,1,phishing,62144,timeout,Exceeded 90s,90.01
https://c22e.saox.workers.dev/,1,phishing,38657,timeout,Exceeded 90s,90.009
https://www.mikestretch.com.au,0,legitimate,63558,timeout,Exceeded 90s,90.009
https://www.magicalarmchair.com,0,legitimate,77198,timeout,Exceeded 90s,90.01
https://www.mobilpage.com,0,legitimate,81278,timeout,Exceeded 90s,90.014
https://piscinaveronza.com/hesh/dpd/57318/,1,phishing,176490,timeout,Exceeded 90s,90.006
https://thebrinsoninstitute.com,1,phishing,46961,timeout,Exceeded 90s,90.001
https://www.kehlanimusic.com,0,legitimate,51870,timeout,Exceeded 90s,90.007
https://www.hamiltontn.gov,0,legitimate,1416,timeout,Exceeded 90s,90.0
https://www.eglin.af.mil,0,legitimate,151762,timeout,Exceeded 90s,90.01
https://www.scania.com,0,legitimate,85636,timeout,Exceeded 90s,90.002
https://www.ruthdelacruz.com,0,legitimate,129043,timeout,Exceeded 90s,90.005
https://www.ssh.com,0,legitimate,187584,timeout,Exceeded 90s,90.004
http://www.ohra.com,1,phishing,165830,timeout,Exceeded 90s,90.007
https://ipfs.litnet.work/ipfs/bafybeidwjdwmnmxnq44vv73yvmq233xwr4yt3vhuqgyygnk4mrdffxeswm,1,phishing,187489,timeout,Exceeded 90s,90.013
http://www.jpn.ph,1,phishing,218764,timeout,Exceeded 90s,90.014
https://2ww.me/0ue15,1,phishing,227464,timeout,Exceeded 90s,90.004
https://www.cbncompass.ca,0,legitimate,235236,timeout,Exceeded 90s,90.008
https://www.thaiheadlines.com,0,legitimate,93696,timeout,Exceeded 90s,90.011
https://tinyurl.com/5esfb-pagersconfirmss,1,phishing,228383,timeout,Exceeded 90s,90.004
https://chkgenra.firebaseapp.com/,1,phishing,57024,timeout,Exceeded 90s,90.007
https://www.ics.hawaii.edu,0,legitimate,43595,timeout,Exceeded 90s,90.013
https://www.esdinteriors.com,0,legitimate,168430,timeout,Exceeded 90s,90.013
http://www.downesbuildco.com,1,phishing,110605,timeout,Exceeded 90s,90.012
http://www.sx.cmdxb.com,1,phishing,50788,timeout,Exceeded 90s,90.012
https://www.spacesolutionsaz.com,0,legitimate,148162,timeout,Exceeded 90s,90.004
https://www.pennsburymanor.org,0,legitimate,59034,timeout,Exceeded 90s,90.01
https://www.spainthenandnow.com,0,legitimate,47539,timeout,Exceeded 90s,90.001
http://www.msupdatepms.xyz,1,phishing,70356,timeout,Exceeded 90s,90.013
http://www.bluewindservice.com,1,phishing,113498,timeout,Exceeded 90s,90.0
http://www.contrid.com,1,phishing,18015,timeout,Exceeded 90s,90.011
https://www.sparda.de,0,legitimate,43576,timeout,Exceeded 90s,90.015
https://www.sunflowr.com,0,legitimate,218949,timeout,Exceeded 90s,90.008
https://www.bannerflower.com,0,legitimate,95912,timeout,Exceeded 90s,90.0
http://www.5on.de,1,phishing,5248,timeout,Exceeded 90s,90.016
http://www.jayjgarciamd.com,1,phishing,199313,timeout,Exceeded 90s,90.009
https://www.loquetlondon.com,0,legitimate,129223,timeout,Exceeded 90s,90.011
https://www.leifshop.com,0,legitimate,136593,timeout,Exceeded 90s,90.006
http://www.hidebuzz.com,1,phishing,225583,timeout,Exceeded 90s,90.0
https://www.yagel-mitbachim.co.il,0,legitimate,163017,timeout,Exceeded 90s,90.004
http://www.2fastsurfer.eu,1,phishing,35663,timeout,Exceeded 90s,90.01
http://www.kr.binance.com,1,phishing,63895,timeout,Exceeded 90s,90.009
http://www.bricorate.com,1,phishing,87874,timeout,Exceeded 90s,90.013
https://www.bellecose.com,0,legitimate,194597,timeout,Exceeded 90s,90.008
https://www.brainbalancecenters.com,0,legitimate,118649,timeout,Exceeded 90s,90.003
http://www.v-l.ru,1,phishing,106183,timeout,Exceeded 90s,90.014
http://www.scrapitsoftware.com,1,phishing,151480,timeout,Exceeded 90s,90.012
http://www.anonymouse.org,1,phishing,207962,timeout,Exceeded 90s,90.006
http://www.thermalguardfoam.com,1,phishing,169990,timeout,Exceeded 90s,90.011
http://www.angel-aristizabal.com.co,1,phishing,107760,timeout,Exceeded 90s,90.005
http://www.tarkom.ru,1,phishing,162770,timeout,Exceeded 90s,90.013
http://www.youthsprout.com,1,phishing,235510,timeout,Exceeded 90s,90.015
https://www.alloydesign.com.au,0,legitimate,46498,timeout,Exceeded 90s,90.006
https://mail8.yolasite.com/,1,phishing,84990,timeout,Exceeded 90s,90.006
http://www.winmediaplayer.com,1,phishing,23201,timeout,Exceeded 90s,90.002
https://www.sabah.com.tr,0,legitimate,95759,timeout,Exceeded 90s,90.008
https://www.nachdenkseiten.de,0,legitimate,220110,timeout,Exceeded 90s,90.014
https://fx164fax08022022fax-1310019602.cos.eu-frankfurt.myqcloud.com/apps.htm,1,phishing,43364,timeout,Exceeded 90s,90.013
https://www.mixturesport.com,0,legitimate,87444,timeout,Exceeded 90s,90.012
https://www.slydial.com,0,legitimate,178345,timeout,Exceeded 90s,90.012
https://www.sherpashare.com,0,legitimate,177890,timeout,Exceeded 90s,90.004
https://www.newportstreetgallery.com,0,legitimate,57164,timeout,Exceeded 90s,90.015
https://tribelio.page/https-update,1,phishing,123009,timeout,Exceeded 90s,90.015
https://www.lflus.com,0,legitimate,129591,timeout,Exceeded 90s,90.007
https://www.monikacheangphotography.com,0,legitimate,6946,timeout,Exceeded 90s,90.01
http://www.sbi.mx/page/41/786/myaccount/,1,phishing,187703,timeout,Exceeded 90s,90.015
https://nodemate.ggather.com/proxy?url=https://www.bankofamerica.com/,1,phishing,27018,timeout,Exceeded 90s,90.008
https://416363efax-2772-fi1e62ab.info6920.workers.dev/,1,phishing,29966,timeout,Exceeded 90s,90.014
http://tinyurl.com/bperassistenza,1,phishing,12572,timeout,Exceeded 90s,90.004
http://www.moodandmystery.com,1,phishing,23366,timeout,Exceeded 90s,90.003
https://www.hophopfood.org,0,legitimate,120626,timeout,Exceeded 90s,90.001
https://www.audience.findoutnow.co.uk,0,legitimate,130882,timeout,Exceeded 90s,90.007
https://www.bybanen.no,0,legitimate,102306,timeout,Exceeded 90s,90.014
https://www.exhibit.xavier.edu,0,legitimate,138434,timeout,Exceeded 90s,90.01
https://brt-eng.lt.emlnk.com/prod/link-tracker?notrack=1&redirecturl=ahr0chmlm0elmkylmky4njiymjeuc2vsy2rulnj1jtjgy29pbiuyrmnvaw5iyxnljtjgmdawotg5mdkwmdawmdawmdawmdawmcuyrjawmdawmdk5otk5mdawmdawjtjgaw5kzxguahrtba==&sig=3v1dcjnwakadsmpuysgphndrpbt7mefsxx9hz7cwurgh&iat=1679636509&a=%7c%7c226318933%7c%7c&account=brt-eng.activehosted.com&email=6zsytd3kgdoz6zstaw5b6hco/2nrxp5dwg1+cdnn62uaoxnssmzndeqjbq==:jygrk+o851i0bvttz5lq42657phkrsjj&s=649d5ee99384464c5ac932e6ab164418&i=1a3a1a1,1,phishing,212087,timeout,Exceeded 90s,90.015
http://www.diary.welco.live,1,phishing,41720,timeout,Exceeded 90s,90.004
http://www.photos.vasilcastle.com,1,phishing,63167,timeout,Exceeded 90s,90.014
https://storage.googleapis.com/wmatlancvvg478eachipi/sdjfgzerf5fg9t.html#qxba0rfu.vpiuz?f1tdqwccshcxcyzplcdcw5ckcbw79hw0jcbbb4v,1,phishing,147110,timeout,Exceeded 90s,90.005
http://www.ws05.crypto.csgocpu.com,1,phishing,88866,timeout,Exceeded 90s,90.011
https://www.dutchwindwheel.com,0,legitimate,228157,timeout,Exceeded 90s,90.003
https://anz-ref7136.web.app/,1,phishing,148294,timeout,Exceeded 90s,90.015
https://www.gohunt.com,0,legitimate,117493,timeout,Exceeded 90s,90.008
https://blacknativebeauty.com/mkq3vth3mw8xtddwoui=,1,phishing,21098,timeout,Exceeded 90s,90.012
https://www.kipologio.gr,0,legitimate,105098,timeout,Exceeded 90s,90.001
https://www.states101.com,0,legitimate,143757,timeout,Exceeded 90s,90.003
https://wandering-truth-1cff.exkuqtj.workers.dev/,1,phishing,146799,timeout,Exceeded 90s,90.012
https://storageapi.fleek.co/b830f919-24cc-4675-aeda-d80cfa3c2722-bucket/mnlmy.htm,1,phishing,122269,timeout,Exceeded 90s,90.009
https://santramkrishnaagra.com/mie-utoronto/,1,phishing,109039,timeout,Exceeded 90s,90.015
http://www.isecure.com,1,phishing,175086,timeout,Exceeded 90s,90.01
https://www.outdoorpainter.com,0,legitimate,48348,timeout,Exceeded 90s,90.011
https://www.dd365u.cc,1,phishing,104715,timeout,Exceeded 90s,90.015
http://www.lencentr.ru,1,phishing,32043,timeout,Exceeded 90s,90.001
http://www.66bbmm.com,1,phishing,193054,timeout,Exceeded 90s,90.01
https://www.habitatmahoning.org,0,legitimate,100241,timeout,Exceeded 90s,90.01
https://www.easterseals.com,0,legitimate,45333,timeout,Exceeded 90s,90.014
https://www.airport-data.com,0,legitimate,120634,timeout,Exceeded 90s,90.006
https://www.gagauzinfo.md,0,legitimate,24847,timeout,Exceeded 90s,90.012
https://www.lukejerram.com,0,legitimate,93379,timeout,Exceeded 90s,90.004
https://www.budapest-tourist-guide.com,0,legitimate,29243,timeout,Exceeded 90s,90.005
https://www.choosingreal.com,0,legitimate,49399,timeout,Exceeded 90s,90.007
https://www.newhaven.edu,0,legitimate,48359,timeout,Exceeded 90s,90.011
http://www.dhuan.fburl.fun,1,phishing,113025,timeout,Exceeded 90s,90.009
https://autumn-waterfall-00d4.n0ua4rgc.workers.dev/,1,phishing,80395,timeout,Exceeded 90s,90.013
https://www.jct.gov,0,legitimate,146875,timeout,Exceeded 90s,90.004
https://outlook543.yolasite.com/,1,phishing,139698,timeout,Exceeded 90s,90.011
http://www.pmbuttkdifgl.xyz,1,phishing,75863,timeout,Exceeded 90s,90.01
https://www.turnkeylinux.org,0,legitimate,145407,timeout,Exceeded 90s,90.014
http://www.freedomproxy.com,1,phishing,231334,timeout,Exceeded 90s,90.006
https://www.managingtheunmanageable.net,0,legitimate,96346,timeout,Exceeded 90s,90.003
https://www.yac-uk.org,0,legitimate,230166,timeout,Exceeded 90s,90.006
http://www.aki.viperse.com,1,phishing,82218,timeout,Exceeded 90s,90.007
http://www.rokitreach.com,1,phishing,63337,timeout,Exceeded 90s,90.006
http://www.fywybyra.1dumb.com,1,phishing,97353,timeout,Exceeded 90s,90.012
https://www.gdtfoto.de,0,legitimate,54178,timeout,Exceeded 90s,90.008
https://tinyurl.com/2p97cpf8,1,phishing,14733,timeout,Exceeded 90s,90.007
https://www.tgcom24.mediaset.it,0,legitimate,60425,timeout,Exceeded 90s,90.007
http://www.djcaponeofficial.com,1,phishing,98762,timeout,Exceeded 90s,90.012
https://www.trion.app,0,legitimate,193458,timeout,Exceeded 90s,90.003
http://getyourbabysat.biz/came/index.html,1,phishing,182654,timeout,Exceeded 90s,90.015
https://7001.short.gy/rajwiv,1,phishing,76888,timeout,Exceeded 90s,90.012
https://www.thaipbsworld.com,0,legitimate,83932,timeout,Exceeded 90s,90.015
https://www.catholicdirectory.com,0,legitimate,109448,timeout,Exceeded 90s,90.005
https://www.pal-eat.com,0,legitimate,118946,timeout,Exceeded 90s,90.015
http://www.freexboxlive.cc,1,phishing,28766,timeout,Exceeded 90s,90.006
http://www.ip-api.com,1,phishing,2130,timeout,Exceeded 90s,90.014
https://www.southerncrosslabradoodles.com,0,legitimate,97966,timeout,Exceeded 90s,90.013
https://www.solarstartechnologies.com,0,legitimate,129454,timeout,Exceeded 90s,90.0
https://www.ccf.gov.lk,0,legitimate,124748,timeout,Exceeded 90s,90.005
http://www.total-cloud.biz,1,phishing,233013,timeout,Exceeded 90s,90.004
https://pub-990feba4e4a7403ea14ae4a0827e43f3.r2.dev/thy.html,1,phishing,115719,timeout,Exceeded 90s,90.015
http://www.kilu.de,1,phishing,64240,timeout,Exceeded 90s,90.004
https://www.addme.com,0,legitimate,4049,timeout,Exceeded 90s,90.006
http://ltauusegurlty.atsnx.com,1,phishing,233772,timeout,Exceeded 90s,90.014
https://www.mauldineconomics.com,0,legitimate,158415,timeout,Exceeded 90s,90.003
http://case1000423621661.firebaseapp.com/,1,phishing,154504,timeout,Exceeded 90s,90.006
https://www.dvddrive-in.com,0,legitimate,16785,timeout,Exceeded 90s,90.011
https://www.diversetechgeek.com,0,legitimate,168813,timeout,Exceeded 90s,90.006
http://www.ywz6jo1ufvb8t11gfh96b8oe1x.net,1,phishing,55920,timeout,Exceeded 90s,90.007
https://www.fmschools.org,0,legitimate,137650,timeout,Exceeded 90s,90.008
https://s.id/accessobperwebapp,1,phishing,79701,timeout,Exceeded 90s,90.003
https://ownyourlegacy.co/secure/index.php,1,phishing,12696,timeout,Exceeded 90s,90.015
https://banbcr3309.jimdosite.com/,1,phishing,116178,timeout,Exceeded 90s,90.015
https://www.drive2.ru,0,legitimate,156126,timeout,Exceeded 90s,90.007
http://www.werbeagentur-digitaldruck.de,1,phishing,29189,timeout,Exceeded 90s,90.002
https://secure-page-php-122121.start.page/,1,phishing,43165,timeout,Exceeded 90s,90.003
https://www.hirschandmann.com,0,legitimate,103653,timeout,Exceeded 90s,90.003
https://ipfs.litnet.work/ipfs/bafybeic4bb2jm54hybasjrtrvqdvek677r4qmfsggxjt6a6kt6wwu526oa,1,phishing,162095,timeout,Exceeded 90s,90.002
https://www.farmalisto.com.co,0,legitimate,218728,timeout,Exceeded 90s,90.0
http://www.s3amazonbucket.com,1,phishing,181208,timeout,Exceeded 90s,90.004
https://rotf.lol/366xdsz5,1,phishing,110571,timeout,Exceeded 90s,90.002
https://rebrand.ly/0i4s6ke,1,phishing,95935,timeout,Exceeded 90s,90.012
https://www.sfi4.com,0,legitimate,216403,timeout,Exceeded 90s,90.003
https://www.izc.tu-clausthal.de,0,legitimate,202212,timeout,Exceeded 90s,90.014
https://azevilianmys.firebaseapp.com/,1,phishing,23962,timeout,Exceeded 90s,90.011
http://www.forkmanager.com,1,phishing,34203,timeout,Exceeded 90s,90.011
http://www.rewitek.nl,1,phishing,158839,timeout,Exceeded 90s,90.005
http://www.sbi.mx/page/41/786/re.php,1,phishing,134981,timeout,Exceeded 90s,90.005
https://www.samuelhawley.com,0,legitimate,21429,timeout,Exceeded 90s,90.006
https://www.runslinkers.nl,0,legitimate,214459,timeout,Exceeded 90s,90.008
https://blackwaterparkmini-wixsite-com.usrfiles.com/html/0e472f_4d9b2a88f72eb4191a8eb158b004ca1f.html,1,phishing,193733,timeout,Exceeded 90s,90.008
http://www.ingeniousmedia.in/read.html,1,phishing,37695,timeout,Exceeded 90s,90.008
https://tinyurl.com/areaprivatasmartbper,1,phishing,192580,timeout,Exceeded 90s,90.013
https://www.bitpoint.co.jp,0,legitimate,84332,timeout,Exceeded 90s,90.015
https://www.bunnipunch.co.uk,0,legitimate,165214,timeout,Exceeded 90s,90.0
http://www.creemo.pl,1,phishing,5297,timeout,Exceeded 90s,90.013
http://www.mmop.cannca.shop,1,phishing,37421,timeout,Exceeded 90s,90.009
https://www.mamiworks.com,0,legitimate,271,timeout,Exceeded 90s,90.013
https://tribelio.page/verifedaccount,1,phishing,217496,timeout,Exceeded 90s,90.014
https://www.garage-door-app.com,0,legitimate,220640,timeout,Exceeded 90s,90.002
https://www.funewoamu.com,0,legitimate,157590,timeout,Exceeded 90s,90.003
https://www.ramonfilip-shop.com,0,legitimate,146614,timeout,Exceeded 90s,90.004
https://www.wrs.edu,0,legitimate,132845,timeout,Exceeded 90s,90.007
http://www.gemralph.com,1,phishing,45792,timeout,Exceeded 90s,90.005
https://storageapi.fleek.co/9deb5903-5150-491d-bdb8-cd4226f3a733-bucket/hitmail5/index.html,1,phishing,67457,timeout,Exceeded 90s,90.015
https://storageapi.fleek.co/8f2fa405-3ce4-4605-8deb-082636751e2b-bucket/webhost1/index.html,1,phishing,189289,timeout,Exceeded 90s,90.013
https://www.artproaudio.com,0,legitimate,7916,timeout,Exceeded 90s,90.014
https://www.thedioceseofbrechin.org,0,legitimate,5292,timeout,Exceeded 90s,90.004
http://oysterbayvungtau.com/download/contact/r_cu/rcu/login.php,1,phishing,92097,timeout,Exceeded 90s,90.005
https://www.postnord.fi,0,legitimate,194211,timeout,Exceeded 90s,90.013
https://cebjiankb9.firebaseapp.com/,1,phishing,101988,timeout,Exceeded 90s,90.01
https://mfddnf.webcindario.com/,1,phishing,216360,timeout,Exceeded 90s,90.014
https://www.ruskeslovo.com,0,legitimate,204821,timeout,Exceeded 90s,90.001
http://www.fazpandemidestekyardimi.unaux.com,1,phishing,89729,timeout,Exceeded 90s,90.001
https://my-trans00.firebaseapp.com/,1,phishing,108600,timeout,Exceeded 90s,90.002
http://www.de.im,1,phishing,172128,timeout,Exceeded 90s,90.001
http://www.s-steal.kl.com.ua,1,phishing,127089,timeout,Exceeded 90s,90.001
http://www.9991.com,1,phishing,6733,timeout,Exceeded 90s,90.011
https://www.dispatcher.org,0,legitimate,84609,timeout,Exceeded 90s,90.01
https://www.wheel-whores.com,0,legitimate,61050,timeout,Exceeded 90s,90.009
https://poojasharma1511.github.io/netflix/,1,phishing,41735,timeout,Exceeded 90s,90.009
https://www.valueinhealthjournal.com,0,legitimate,1519,timeout,Exceeded 90s,90.0
https://www.discreetfx.com,0,legitimate,83154,timeout,Exceeded 90s,90.001
https://www.ozekisake.com,0,legitimate,105640,timeout,Exceeded 90s,90.006
https://ozo.pages.dev/,1,phishing,65624,timeout,Exceeded 90s,90.011
https://anchorprotocol.mypixieset.com/,1,phishing,156167,timeout,Exceeded 90s,90.01
https://www.enjoy-machu-picchu.org,0,legitimate,199016,timeout,Exceeded 90s,90.008
https://www.evening-kazan.ru,0,legitimate,193612,timeout,Exceeded 90s,90.0
https://www.bordersmedia.com,0,legitimate,205970,timeout,Exceeded 90s,90.006
https://www.simplyunwined.com,0,legitimate,179478,timeout,Exceeded 90s,90.003
https://s3.amazonaws.com/appforest_uf/f1678790302517x377319149603998460/okk.html,1,phishing,159889,timeout,Exceeded 90s,90.012
https://www.ysgsolar.com,0,legitimate,10063,timeout,Exceeded 90s,90.015
https://www.mangyan.org,0,legitimate,66853,timeout,Exceeded 90s,90.001
https://www.morethanthemes.com,0,legitimate,201359,timeout,Exceeded 90s,90.007
http://www.klub046.co,1,phishing,20917,timeout,Exceeded 90s,90.014
http://www.bet365ok05.com/,1,phishing,168789,timeout,Exceeded 90s,90.001
https://patient-cell-40f5.updatedlogmylogin.workers.dev/#user@calstatela.edu,1,phishing,13952,timeout,Exceeded 90s,90.007
http://www.search-world.biz,1,phishing,215139,timeout,Exceeded 90s,90.008
http://www.bookpoint.us,1,phishing,205200,timeout,Exceeded 90s,90.007
https://www.eservicebits.com/landingpages/fe996bbf-3dce-487c-acd3-4a69200fa8a0/1foteikb_3ouz1lwh1qpc8bhaclobwx7ycbarjfbfuy,1,phishing,24332,timeout,Exceeded 90s,90.005
https://www.lpzoo.org,0,legitimate,47763,timeout,Exceeded 90s,90.013
https://ashleybecklivenueve.web.app/,1,phishing,23318,timeout,Exceeded 90s,90.009
http://s.id/bnl-modulo,1,phishing,172162,timeout,Exceeded 90s,90.001
https://www.czwrestling.com,0,legitimate,204218,timeout,Exceeded 90s,90.003
http://www.bet3655.tv,1,phishing,153250,timeout,Exceeded 90s,90.006
https://binancevcxq.web.app/,1,phishing,160189,timeout,Exceeded 90s,90.007
https://docu-sign22022023docs19-1312962597.cos.ap-seoul.myqcloud.com/docu.htm,1,phishing,42901,timeout,Exceeded 90s,90.003
https://www.scottishopera.org.uk,0,legitimate,32385,timeout,Exceeded 90s,90.009
https://www.base-camp.fi,0,legitimate,208003,timeout,Exceeded 90s,90.002
https://domappcheckomeg16.firebaseapp.com/,1,phishing,46868,timeout,Exceeded 90s,90.013
https://thesudfactory.com/beon/client/index_pc.php,1,phishing,220900,timeout,Exceeded 90s,90.004
http://www.all-texproducts.com,1,phishing,114299,timeout,Exceeded 90s,90.014
https://www.nate.com,0,legitimate,204382,timeout,Exceeded 90s,90.012
https://www.britainsfinest.co.uk,0,legitimate,102861,timeout,Exceeded 90s,90.011
https://syneragrisystem.firebaseapp.com/,1,phishing,128004,timeout,Exceeded 90s,90.005
https://www.hanbit.co.kr,0,legitimate,1020,timeout,Exceeded 90s,90.006
http://www.led-a.com,1,phishing,179274,timeout,Exceeded 90s,90.015
http://www.budzcyka.ru,1,phishing,184724,timeout,Exceeded 90s,90.015
https://www.bloomington.in.gov,0,legitimate,198202,timeout,Exceeded 90s,90.015
https://fmbnc-acctservices.web.app/,1,phishing,196555,timeout,Exceeded 90s,90.012
https://www.gorgeousgems.com.au,0,legitimate,227236,timeout,Exceeded 90s,90.015
http://www.pldg.fburl.fun,1,phishing,168485,timeout,Exceeded 90s,90.007
http://www.sol-doc.xyz,1,phishing,110322,timeout,Exceeded 90s,90.006
https://www.misterfpga.org,0,legitimate,45338,timeout,Exceeded 90s,90.006
http://www.blood.fbcode.co,1,phishing,60180,timeout,Exceeded 90s,90.01
https://www.screenskills.com,0,legitimate,150382,timeout,Exceeded 90s,90.011
https://www.norrislakeliving.com,0,legitimate,172496,timeout,Exceeded 90s,90.004
https://www.asic-cafe.org,0,legitimate,201776,timeout,Exceeded 90s,90.011
http://www.roken.com.mx,1,phishing,196389,timeout,Exceeded 90s,90.008
https://www.esselte.com,0,legitimate,119929,timeout,Exceeded 90s,90.008
https://www.radio912.de,0,legitimate,89413,timeout,Exceeded 90s,90.013
http://33e617cd-692b-49f8-ad97-8c100fabfcc7.usrfiles.com/html/0e472f_4d9b2a88f72eb4191a8eb158b004ca1f.html,1,phishing,35043,timeout,Exceeded 90s,90.008
http://www.cambrianelectric.com/gbgr/index/content/content.php,1,phishing,80100,timeout,Exceeded 90s,90.01
https://www.molokaitimes.com,0,legitimate,186931,timeout,Exceeded 90s,90.012
https://www.sencha.com,0,legitimate,32838,timeout,Exceeded 90s,90.015
http://www.pragmaticinquiry.org,1,phishing,179134,timeout,Exceeded 90s,90.009
http://www.smalltowncarrental.com,1,phishing,32122,timeout,Exceeded 90s,90.006
https://www.nicklephotography.com,0,legitimate,2616,timeout,Exceeded 90s,90.0
https://www.rrsdiscovery.co.uk,0,legitimate,36524,timeout,Exceeded 90s,90.011
http://www.ws006-proxy-ajcryptominer.ajplugins.com,1,phishing,107105,timeout,Exceeded 90s,90.011
https://www.crayaction.be,0,legitimate,219387,timeout,Exceeded 90s,90.006
https://www.meridiancz.com,0,legitimate,202343,timeout,Exceeded 90s,90.015
https://www.kelsey-seybold.com,0,legitimate,34324,timeout,Exceeded 90s,90.015
https://review-case-093728.firebaseapp.com/,1,phishing,116235,timeout,Exceeded 90s,90.013
https://www.sagano-kanko.co.jp,0,legitimate,94060,timeout,Exceeded 90s,90.008
https://groundlimo.com/fonts/.../,1,phishing,191468,timeout,Exceeded 90s,90.0
https://www.nurseriesonline.com.au,0,legitimate,25359,timeout,Exceeded 90s,90.001
https://gateway.pinata.cloud/ipfs/bafybeib3nlskge2csgrj7xdd4w3vmws6j444lg6untn44s4hkxovyvunhe/south.html,1,phishing,176213,timeout,Exceeded 90s,90.001
https://www.newdawntreatmentcenters.com,0,legitimate,70151,timeout,Exceeded 90s,90.009
https://www.afm.org,0,legitimate,70289,timeout,Exceeded 90s,90.002
https://sites.google.com/view/offiice-voice-com/home,1,phishing,225775,timeout,Exceeded 90s,90.008
https://www.nationalrehab.org,0,legitimate,48025,timeout,Exceeded 90s,90.015
http://www.privatizehealthinsurance.net,1,phishing,193221,timeout,Exceeded 90s,90.011
https://broken-math-09f0.tp80wcx8.workers.dev/,1,phishing,93628,timeout,Exceeded 90s,90.004
https://www.dhcd.virginia.gov,0,legitimate,120317,timeout,Exceeded 90s,90.012
http://ysb248.cc/,1,phishing,140963,timeout,Exceeded 90s,90.004
https://carlomcer.firebaseapp.com/,1,phishing,205013,timeout,Exceeded 90s,90.015
https://www.beechgrove.com,0,legitimate,2341,timeout,Exceeded 90s,90.012
http://vineet7181.github.io/fb-clone/,1,phishing,195800,timeout,Exceeded 90s,90.014
https://www.digitaltheatre.com,0,legitimate,97273,timeout,Exceeded 90s,90.011
http://www.verssijockachch.blogspot.com,1,phishing,19968,timeout,Exceeded 90s,90.011
https://www.praxisbulletin.nl,0,legitimate,176654,timeout,Exceeded 90s,90.012
https://www.elimfellowship.org,0,legitimate,199539,timeout,Exceeded 90s,90.014
http://www.s0r.ru,1,phishing,48356,timeout,Exceeded 90s,90.012
http://www.zaxswder.xyz,1,phishing,11649,timeout,Exceeded 90s,90.011
https://mahadevent.com/eudenm/tracking/fv5ejh/msg.php?id=53205153,1,phishing,160890,timeout,Exceeded 90s,90.011
http://www.msofficelab.com,1,phishing,131212,timeout,Exceeded 90s,90.002
https://www.glowm.com,0,legitimate,13903,timeout,Exceeded 90s,90.013
https://efax-validates.firebaseapp.com/,1,phishing,15774,timeout,Exceeded 90s,90.0
https://sites.google.com/empacesso.com/acesso-empjnet/,1,phishing,174628,timeout,Exceeded 90s,90.004
http://www.1xuc7401yo1frqymbpbcno0059.com,1,phishing,21224,timeout,Exceeded 90s,90.001
https://www.theuolo.com,0,legitimate,134294,timeout,Exceeded 90s,90.011
https://www.westmontchamber.com,0,legitimate,57150,timeout,Exceeded 90s,90.004
https://www.bicisicura.it,0,legitimate,114256,timeout,Exceeded 90s,90.013
http://www.tcc525e282b7a0afb69db3198b8dc8bb3b.ws,1,phishing,185028,timeout,Exceeded 90s,90.004
http://www.hike.studio,1,phishing,65943,timeout,Exceeded 90s,90.012
https://pxlme.me/4akkebze?=024369834186?userid=rvqx4zvi,1,phishing,122849,timeout,Exceeded 90s,90.014
https://www.bjinsider.com,0,legitimate,34211,timeout,Exceeded 90s,90.005
http://itau-seguridad-validaciones.atsnx.com/,1,phishing,200345,timeout,Exceeded 90s,90.008
https://www.robotel.com,0,legitimate,72809,timeout,Exceeded 90s,90.009
https://www.workoutforless.co.uk,0,legitimate,10256,timeout,Exceeded 90s,90.004
https://www.fg-art.org,0,legitimate,186302,timeout,Exceeded 90s,90.008
https://www.lebchess.org,0,legitimate,57654,timeout,Exceeded 90s,90.007
https://storageapi.fleek.co/f93bbabc-c9fe-416b-9895-abc3c414d6f4-bucket/tec5/index.html#a@b.com,1,phishing,109868,timeout,Exceeded 90s,90.006
https://www.eurelectric.org,0,legitimate,15596,timeout,Exceeded 90s,90.004
https://www.ravnoplov.rs,0,legitimate,98992,timeout,Exceeded 90s,90.001
http://www.dailynewsupdater.com,1,phishing,85004,timeout,Exceeded 90s,90.01
https://cebjiankb7.web.app/,1,phishing,202282,timeout,Exceeded 90s,90.012
http://onlinequranteaching.com/public/11ehg61way7ankjwj3eoj54jrumkshfx,1,phishing,66166,timeout,Exceeded 90s,90.006
https://smashdorlayert.firebaseapp.com/,1,phishing,119258,timeout,Exceeded 90s,90.007
https://www.embecosm.com,0,legitimate,37983,timeout,Exceeded 90s,90.001
http://www.dzsmahpcki.info,1,phishing,79074,timeout,Exceeded 90s,90.0
http://www.ipleak.net,1,phishing,26330,timeout,Exceeded 90s,90.01
https://www.alltheanime.com,0,legitimate,103256,timeout,Exceeded 90s,90.003
http://www.jasabacklinkseo.com,1,phishing,173558,timeout,Exceeded 90s,90.006
https://www.uwc.ac.za,0,legitimate,26638,timeout,Exceeded 90s,90.007
https://32451.jimdosite.com/,1,phishing,221118,timeout,Exceeded 90s,90.013
https://www.ggu.edu,0,legitimate,34158,timeout,Exceeded 90s,90.006
http://www.eco50.co.uk,1,phishing,34848,timeout,Exceeded 90s,90.015
https://www.socialdutch.com,0,legitimate,82723,timeout,Exceeded 90s,90.01
https://karushihmemer.firebaseapp.com/,1,phishing,132406,timeout,Exceeded 90s,90.014
https://newhopedubai.ae/css,1,phishing,81266,timeout,Exceeded 90s,90.003
http://have2have.it/sheinofficial,1,phishing,75612,timeout,Exceeded 90s,90.013
https://www.velo101.com,0,legitimate,75636,timeout,Exceeded 90s,90.011
http://www.navyugitsolutions.com,1,phishing,26186,timeout,Exceeded 90s,90.01
https://www.vooplayer.com,0,legitimate,70890,timeout,Exceeded 90s,90.01
http://www.7713.info,1,phishing,6939,timeout,Exceeded 90s,90.012
https://gateway.pinata.cloud/ipfs/bafybeibe5v6ozaod4og5zu6o7kuxd7h7kflzlevtqbkagdx7hopcpwhcha,1,phishing,166677,timeout,Exceeded 90s,90.011
https://www.teuni.com,0,legitimate,52843,timeout,Exceeded 90s,90.009
https://www.sweet-brain.com,0,legitimate,175239,timeout,Exceeded 90s,90.015
https://www.medeniyyet.az,0,legitimate,234980,timeout,Exceeded 90s,90.007
http://www.ninetyman.org.in,1,phishing,18443,timeout,Exceeded 90s,90.008
https://dpomstlms.firebaseapp.com/,1,phishing,52700,timeout,Exceeded 90s,90.013
http://www.onlineipchanger.com,1,phishing,111941,timeout,Exceeded 90s,90.002
http://www.nexusfantasy.com,1,phishing,120066,timeout,Exceeded 90s,90.011
https://www.yuyushiki.net,0,legitimate,29766,timeout,Exceeded 90s,90.003
http://www.1v4a5s13rbuf31ppbojc1dn2m0u.com,1,phishing,112469,timeout,Exceeded 90s,90.007
https://www.yemenmonitor.com/ape,1,phishing,199070,timeout,Exceeded 90s,90.015
https://www.gwf-frankenwein.de,0,legitimate,233910,timeout,Exceeded 90s,90.001
http://www.texasdollies.com,1,phishing,187882,timeout,Exceeded 90s,90.015
https://www.dka.at,0,legitimate,81251,timeout,Exceeded 90s,90.015
https://www.sukhasiddhi.org,0,legitimate,22333,timeout,Exceeded 90s,90.004
http://www.ralozimper.com,1,phishing,20648,timeout,Exceeded 90s,90.0
https://www.jaeic.or.jp,0,legitimate,84128,timeout,Exceeded 90s,90.005
http://www.triumphhomecare.com,1,phishing,190639,timeout,Exceeded 90s,90.007
https://www.thehypemagazine.com,0,legitimate,15760,timeout,Exceeded 90s,90.008
https://www.nyic.org,0,legitimate,185651,timeout,Exceeded 90s,90.011
https://www.bollywoodbubble.com,0,legitimate,58938,timeout,Exceeded 90s,90.003
https://www.viking-link.com,0,legitimate,135465,timeout,Exceeded 90s,90.015
https://www.asianamerican.net,0,legitimate,165985,timeout,Exceeded 90s,90.001
http://www.joshbull.com.au/wp-login.php,1,phishing,149537,timeout,Exceeded 90s,90.004
https://www.automobilsport.com,0,legitimate,114136,timeout,Exceeded 90s,90.008
http://www.fotistax.com,1,phishing,27963,timeout,Exceeded 90s,90.014
http://www.ledger.legal,1,phishing,104285,timeout,Exceeded 90s,90.004
https://helpid9355723849185962816.firebaseapp.com/,1,phishing,175974,timeout,Exceeded 90s,90.004
https://www.fiff.de,0,legitimate,161368,timeout,Exceeded 90s,90.006
https://www.carsonnow.org,0,legitimate,148707,timeout,Exceeded 90s,90.005
https://www.terpconnect.umd.edu,0,legitimate,2989,timeout,Exceeded 90s,90.01
https://forms.sendpulse.com/adeab5fb27/,1,phishing,71349,timeout,Exceeded 90s,90.001
https://storageapi-stg.fleek.co/34e42e7c-eb30-4a3c-a7d6-763767fbe02f-bucket/nuecb.html,1,phishing,226669,timeout,Exceeded 90s,90.015
https://www.repko.sk,0,legitimate,42476,timeout,Exceeded 90s,90.012
https://www.scalevp.com,0,legitimate,235470,timeout,Exceeded 90s,90.009
https://www.jacketscannon.com,0,legitimate,210581,timeout,Exceeded 90s,90.005
http://www.nikoladavidovic.com,1,phishing,128392,timeout,Exceeded 90s,90.001
https://www.uniss.it,0,legitimate,136283,timeout,Exceeded 90s,90.005
https://www.buildersshow.com,0,legitimate,233784,timeout,Exceeded 90s,90.007
http://putnampantry.com.usrfiles.com/html/0f7405_b6252ec12368ac8e16813450812b765b.html,1,phishing,127858,timeout,Exceeded 90s,90.014
https://www.slitherine.com,0,legitimate,104938,timeout,Exceeded 90s,90.0
https://www.pestcontrolmiramar.com,0,legitimate,153380,timeout,Exceeded 90s,90.009
https://www.buecher-flohmarkt.com,0,legitimate,114204,timeout,Exceeded 90s,90.012
https://www.mfsengineers.com,0,legitimate,173200,timeout,Exceeded 90s,90.006
http://www.eserkafes.com,1,phishing,20383,timeout,Exceeded 90s,90.001
https://www.ashleyinnlincolncity.com,0,legitimate,233456,timeout,Exceeded 90s,90.014
https://www.weather.in.ua,0,legitimate,190265,timeout,Exceeded 90s,90.003
https://www.livingcolourlandscapes.com.au,0,legitimate,178582,timeout,Exceeded 90s,90.003
http://www.4africa.cloud,1,phishing,126165,timeout,Exceeded 90s,90.012
https://www.downtownmusicgallery.com,0,legitimate,91375,timeout,Exceeded 90s,90.014
http://cek58793690694674609.rf.gd/,1,phishing,1456,timeout,Exceeded 90s,90.012
https://www.whitewaterfoundry.com,0,legitimate,26390,timeout,Exceeded 90s,90.008
https://storageapi.fleek.co/008009aa-0c78-42dc-a70d-c23181f54038-bucket/validatesession24/index.html,1,phishing,172322,timeout,Exceeded 90s,90.007
https://www.pitchcare.com,0,legitimate,226658,timeout,Exceeded 90s,90.011
https://www.browniebrittle.com,0,legitimate,183319,timeout,Exceeded 90s,90.015
https://pub-a99428d593e24c309662e6841253d467.r2.dev/index.html,1,phishing,222634,timeout,Exceeded 90s,90.0
https://gateway.pinata.cloud/ipfs/bafybeic5pqkweobka2tfnltnod732ftxg7ecudziaiquvdqwhbuubslql4/,1,phishing,82093,timeout,Exceeded 90s,90.015
http://www.dyndns.tv,1,phishing,75717,timeout,Exceeded 90s,90.002
https://www.naturalcreationsonline.com,0,legitimate,119886,timeout,Exceeded 90s,90.001
http://www.h15.ru,1,phishing,177324,timeout,Exceeded 90s,90.001
https://www.manateesheriff.com,0,legitimate,140810,timeout,Exceeded 90s,90.001
https://aolmailboxx.faitjeffry67.workers.dev/,1,phishing,213237,timeout,Exceeded 90s,90.002
https://www.gdli.it,0,legitimate,27697,timeout,Exceeded 90s,90.009
https://www.nagaden-net.co.jp,0,legitimate,10817,timeout,Exceeded 90s,90.005
https://www.dww.com,0,legitimate,78729,timeout,Exceeded 90s,90.014
http://www.bestofblood.com,1,phishing,149570,timeout,Exceeded 90s,90.003
https://www.al-amine.org,0,legitimate,110591,timeout,Exceeded 90s,90.002
https://storageapi.fleek.co/e89163cb-39d5-41dd-a32d-1338546aa873-bucket/webhub6/index.html,1,phishing,27929,timeout,Exceeded 90s,90.015
http://www.nsd.be,1,phishing,91722,timeout,Exceeded 90s,90.006
https://www.trailspace.com,0,legitimate,89449,timeout,Exceeded 90s,90.002
https://www.histadrut.org.il,0,legitimate,70025,timeout,Exceeded 90s,90.003
https://www.gemmy.com,0,legitimate,54052,timeout,Exceeded 90s,90.011
http://worldiscoveryperu.com,1,phishing,219109,timeout,Exceeded 90s,90.009
https://www.hrnk.org,0,legitimate,12927,timeout,Exceeded 90s,90.006
https://hmlproj.com.br/,1,phishing,107991,timeout,Exceeded 90s,90.013
http://erorng3.hyperphp.com/,1,phishing,108390,timeout,Exceeded 90s,90.008
http://www.nd622161d904ca9d495e92d0334c18224a.ws,1,phishing,161268,timeout,Exceeded 90s,90.014
https://www.rcharlie.com,0,legitimate,9787,timeout,Exceeded 90s,90.011
https://www.boltops.com,0,legitimate,2411,timeout,Exceeded 90s,90.002
https://www.yangondirectory.com,0,legitimate,3963,timeout,Exceeded 90s,90.005
https://www.projectionboothpodcast.com,0,legitimate,202424,timeout,Exceeded 90s,90.008
http://www.disinvestigations.com,1,phishing,1182,timeout,Exceeded 90s,90.009
https://www.manilastatues.com,0,legitimate,200779,timeout,Exceeded 90s,90.01
https://fkposcertle.web.app/,1,phishing,36312,timeout,Exceeded 90s,90.012
https://www.oakharborpubliclibrary.org,0,legitimate,167535,timeout,Exceeded 90s,90.012
http://risersmn.com,1,phishing,210760,timeout,Exceeded 90s,90.007
http://www.aeon.crypto-webminer.com,1,phishing,190530,timeout,Exceeded 90s,90.003
http://confirmyouraccount.rf.gd/?i=1,1,phishing,176873,timeout,Exceeded 90s,90.013
https://myaccattservi22.boxmode.io/,1,phishing,48214,timeout,Exceeded 90s,90.003
http://www.cdneurop.cloud,1,phishing,192800,timeout,Exceeded 90s,90.011
https://www.editions-stock.fr,0,legitimate,126715,timeout,Exceeded 90s,90.01
https://gateway.pinata.cloud/ipfs/bafybeihjpbzetnkt2w6crutbjkcfu3lu2z7dhnotj56zh7askdc2nxsf7m//work1.htm,1,phishing,200744,timeout,Exceeded 90s,90.013
http://www.vpn.bshades.eu,1,phishing,150788,timeout,Exceeded 90s,90.006
http://darin-ltd.com/,1,phishing,233739,timeout,Exceeded 90s,90.009
https://www.thecourierexpress.com,0,legitimate,181792,timeout,Exceeded 90s,90.006
https://www.enterpriseitworld.com,0,legitimate,222259,timeout,Exceeded 90s,90.013
https://www.mercenie.com,0,legitimate,89961,timeout,Exceeded 90s,90.013
http://www.amnsns.com,1,phishing,89457,timeout,Exceeded 90s,90.001
http://www.fishproxy.com,1,phishing,215810,timeout,Exceeded 90s,90.003
http://www.eeditor.cannca.shop,1,phishing,195091,timeout,Exceeded 90s,90.01
http://www.trike-centrum.nl,1,phishing,12079,timeout,Exceeded 90s,90.008
https://mcp25-vaaaa-aaaad-qeefq-cai.raw.ic0.app/,1,phishing,126452,timeout,Exceeded 90s,90.013
http://www.riversouthhomes.com,1,phishing,217275,timeout,Exceeded 90s,90.001
https://www.walklondon.com,0,legitimate,210282,timeout,Exceeded 90s,90.001
https://hotm.art/79rpa7da,1,phishing,133041,timeout,Exceeded 90s,90.011
https://long-dew-4fed.w7qwm4befh8921.workers.dev/,1,phishing,201382,timeout,Exceeded 90s,90.014
http://www.allianceofamericanlawyers.com,1,phishing,139644,timeout,Exceeded 90s,90.014
https://www.menudosviajeros.com,0,legitimate,189185,timeout,Exceeded 90s,90.005
https://s3.amazonaws.com/appforest_uf/f1676273545083x964858313249937900/owa.html?id=3mail@b.c,1,phishing,145198,timeout,Exceeded 90s,90.008
https://www.hornungs.com,0,legitimate,64534,timeout,Exceeded 90s,90.004
https://www.interregs.com,0,legitimate,213706,timeout,Exceeded 90s,90.001
https://www.creativenz.govt.nz,0,legitimate,8051,timeout,Exceeded 90s,90.011
http://www.marketsbarcelona.com,1,phishing,64306,timeout,Exceeded 90s,90.003
https://www.shift-it-coach.com,0,legitimate,166331,timeout,Exceeded 90s,90.014
https://www.meetingroomapp.com,0,legitimate,15538,timeout,Exceeded 90s,90.007
http://www.kiss58.org,1,phishing,183238,timeout,Exceeded 90s,90.002
http://www.closetdeal.com,1,phishing,108883,timeout,Exceeded 90s,90.007
https://www.tikka.fi,0,legitimate,84209,timeout,Exceeded 90s,90.012
http://www.midwestcentertherapy.net,1,phishing,39629,timeout,Exceeded 90s,90.012
https://www.transistorsoft.com,0,legitimate,93413,timeout,Exceeded 90s,90.004
http://www.kummer.to,1,phishing,111657,timeout,Exceeded 90s,90.003
https://jivo.chat/code-eu1.jivosite.com/widget/jqqceif7de,1,phishing,34661,timeout,Exceeded 90s,90.004
http://www.megadap.com,1,phishing,158871,timeout,Exceeded 90s,90.01
https://speitssc.org/assets/dashboard/img/events/index.html,1,phishing,111633,timeout,Exceeded 90s,90.01
https://www.cltpediatricdentistry.com,0,legitimate,100077,timeout,Exceeded 90s,90.004
https://outl00klive.boxmode.io/,1,phishing,37103,timeout,Exceeded 90s,90.004
https://case1005643859565.web.app/,1,phishing,77698,timeout,Exceeded 90s,90.007
https://storageapi.fleek.co/e89163cb-39d5-41dd-a32d-1338546aa873-bucket/webhub1/index.html,1,phishing,220848,timeout,Exceeded 90s,90.015
https://www.neohasid.org,0,legitimate,113942,timeout,Exceeded 90s,90.001
https://www.meru.org,0,legitimate,185749,timeout,Exceeded 90s,90.015
https://www.unical.edu.ng,0,legitimate,193543,timeout,Exceeded 90s,90.003
https://www.museumslondon.org,0,legitimate,76707,timeout,Exceeded 90s,90.007
https://www.hibba.org,0,legitimate,187835,timeout,Exceeded 90s,90.0
https://www.movida.lt,0,legitimate,33201,timeout,Exceeded 90s,90.01
https://www.handspeak.com,0,legitimate,157313,timeout,Exceeded 90s,90.015
https://www.mclnational.org,0,legitimate,105110,timeout,Exceeded 90s,90.014
http://www.owly.space,1,phishing,81315,timeout,Exceeded 90s,90.011
https://www.climate-kic.org,0,legitimate,196620,timeout,Exceeded 90s,90.007
http://www.vbrui.com,1,phishing,99852,timeout,Exceeded 90s,90.008
https://www.amataraphuket.com,0,legitimate,5131,timeout,Exceeded 90s,90.011
http://www.shahjeesopinion.com,1,phishing,34057,timeout,Exceeded 90s,90.001
https://www.pimainelibrary.org,0,legitimate,138374,timeout,Exceeded 90s,90.003
http://www.thenicolehernandez.com,1,phishing,72359,timeout,Exceeded 90s,90.007
http://www.agroarshan.com,1,phishing,3826,timeout,Exceeded 90s,90.015
https://www.lightcast.com,0,legitimate,81249,timeout,Exceeded 90s,90.012
http://www.locahost.com,1,phishing,45045,timeout,Exceeded 90s,90.011
http://www.mannatwins.com,1,phishing,108216,timeout,Exceeded 90s,90.009
http://www.lhosting.info,1,phishing,203132,timeout,Exceeded 90s,90.012
https://www.wharfcatrecords.com,0,legitimate,101669,timeout,Exceeded 90s,90.01
https://www.factionoffools.org,0,legitimate,173780,timeout,Exceeded 90s,90.007
http://www.plet.dk,1,phishing,9350,timeout,Exceeded 90s,90.012
https://www.stellofoods.com,0,legitimate,138251,timeout,Exceeded 90s,90.013
https://www.cerebralpalsycymru.org,0,legitimate,62215,timeout,Exceeded 90s,90.007
https://www.mcphersoninc.com,0,legitimate,21237,timeout,Exceeded 90s,90.006
https://www.synnegoria.com,0,legitimate,106974,timeout,Exceeded 90s,90.016
https://www.lyonspr.com,0,legitimate,88739,timeout,Exceeded 90s,90.008
http://www.splitwise.xyz,1,phishing,15755,timeout,Exceeded 90s,90.005
https://www.francetvinfo.fr,0,legitimate,19902,timeout,Exceeded 90s,90.009
http://www.mayberrycommunities.com,1,phishing,185631,timeout,Exceeded 90s,90.011
https://www.showshappening.com,0,legitimate,119016,timeout,Exceeded 90s,90.007
http://www.ineslebuhan.com,1,phishing,104667,timeout,Exceeded 90s,90.013
https://www.cultwatch.com,0,legitimate,153370,timeout,Exceeded 90s,90.007
https://www.mybrightestdiamond.com,0,legitimate,2504,timeout,Exceeded 90s,90.014
http://mytheamsauthecent.wapgem.com/index/,1,phishing,227642,timeout,Exceeded 90s,90.004
https://www.fimfiction.net,0,legitimate,56041,timeout,Exceeded 90s,90.002
https://www.dupont.com,0,legitimate,143001,timeout,Exceeded 90s,90.009
https://onedriveshargggcjj.infura-ipfs.io/ipfs/qmyzxkzrvfz3pvlvpkfmnwxborpzzfws9xnqbp9lqzbyiw,1,phishing,205967,timeout,Exceeded 90s,90.008
https://curly-leaf-2734.xatrsrsx.workers.dev/,1,phishing,116004,timeout,Exceeded 90s,90.007
https://www.ocuriosodofutebol.com.br,0,legitimate,180539,timeout,Exceeded 90s,90.001
https://www.globalflag.idv.tw,0,legitimate,75876,timeout,Exceeded 90s,90.005
https://www.flagguys.com,0,legitimate,211833,timeout,Exceeded 90s,90.009
https://www.studylib.net,0,legitimate,33303,timeout,Exceeded 90s,90.011
https://tinyurl.com/3vz33v9y,1,phishing,137936,timeout,Exceeded 90s,90.009
http://www.cxgglm.com,1,phishing,45465,timeout,Exceeded 90s,90.013
https://web10180.web07.bero-webspace.de/,1,phishing,37534,timeout,Exceeded 90s,90.016
https://89uc2139x-c1xt3-1yv-34vc-34.infura-ipfs.io/ipfs/qmcd881sp5hbfx4gpkg5xfgmnsdesqdrx9tzqszpev4nyx,1,phishing,198711,timeout,Exceeded 90s,90.007
https://www.amarewear.com,0,legitimate,55423,timeout,Exceeded 90s,90.013
https://s3.amazonaws.com/appforest_uf/f1676855561058x216250324521135800/index.html#redacted@abuse.ionos.com,1,phishing,21528,timeout,Exceeded 90s,90.004
https://www.feelmee.jp,0,legitimate,151515,timeout,Exceeded 90s,90.005
https://splaiass-schneungly-szengs.yolasite.com/,1,phishing,132277,timeout,Exceeded 90s,90.009
http://www.bobcatofredding.com,1,phishing,213578,timeout,Exceeded 90s,90.009
https://www.microfilmmaker.com,0,legitimate,71545,timeout,Exceeded 90s,90.004
http://www.66xxaa.com,1,phishing,50725,timeout,Exceeded 90s,90.014
https://www.parkingpalmagnet.com,0,legitimate,100164,timeout,Exceeded 90s,90.001
https://www.relyze.com,0,legitimate,161056,timeout,Exceeded 90s,90.001
https://www.paulamoraga.com,0,legitimate,62064,timeout,Exceeded 90s,90.015
https://www.sustainablepavingsystems.com,0,legitimate,79890,timeout,Exceeded 90s,90.006
https://www.synchtank.com,0,legitimate,151890,timeout,Exceeded 90s,90.015
https://www.audiophilia.com,0,legitimate,199423,timeout,Exceeded 90s,90.01
https://www.avena.co.uk,0,legitimate,149660,timeout,Exceeded 90s,90.008
https://www.everywhereist.com,0,legitimate,113339,timeout,Exceeded 90s,90.009
https://www.oldpark.org,0,legitimate,167895,timeout,Exceeded 90s,90.003
https://share.ebforms.com/6727135104860160,1,phishing,7832,timeout,Exceeded 90s,90.0
https://www.capital.de,0,legitimate,117468,timeout,Exceeded 90s,90.015
https://www.treknepalhimalaya.com,0,legitimate,8638,timeout,Exceeded 90s,90.014
https://delokguio.firebaseapp.com/,1,phishing,166842,timeout,Exceeded 90s,90.011
https://servicepage.service-page.workers.dev/,1,phishing,109836,timeout,Exceeded 90s,90.015
http://www.xbox.sh,1,phishing,119093,timeout,Exceeded 90s,90.014
http://www.gratis.lc,1,phishing,3901,timeout,Exceeded 90s,90.011
https://www.nigelfarndale.com,0,legitimate,78010,timeout,Exceeded 90s,90.013
https://www.jerrywardautoplex.com,0,legitimate,72653,timeout,Exceeded 90s,90.01
https://banpaisssch219024.jimdosite.com/,1,phishing,99959,timeout,Exceeded 90s,90.009
http://www.ordclub.com,1,phishing,116244,timeout,Exceeded 90s,90.01
https://vmi-lt.firebaseapp.com/,1,phishing,85700,timeout,Exceeded 90s,90.009
http://www.kishi73.com.br,1,phishing,12716,timeout,Exceeded 90s,90.011
http://www.krisbel.com,1,phishing,140162,timeout,Exceeded 90s,90.011
https://www.jala.com,0,legitimate,109610,timeout,Exceeded 90s,90.005
https://www.loganbanner.com,0,legitimate,129322,timeout,Exceeded 90s,90.005
https://loading-connection-in-action.web.app/,1,phishing,143940,timeout,Exceeded 90s,90.004
http://www.1k9dn61h3akgy14ip9st1vh6vr7.com,1,phishing,199947,timeout,Exceeded 90s,90.005
https://www.az511.com,0,legitimate,122873,timeout,Exceeded 90s,90.004
http://www.mix-plus.co.kr,1,phishing,203728,timeout,Exceeded 90s,90.0
https://www.aktibody.com,0,legitimate,189901,timeout,Exceeded 90s,90.004
https://www.transittoronto.ca,0,legitimate,153398,timeout,Exceeded 90s,90.01
https://help-cntral-pge99111.start.page/,1,phishing,175289,timeout,Exceeded 90s,90.014
http://www.smtp.negoti8.com.au,1,phishing,204192,timeout,Exceeded 90s,90.001
http://www.bangbor.go.th,1,phishing,98973,timeout,Exceeded 90s,90.002
https://ingsecusecuring.firebaseapp.com/,1,phishing,124915,timeout,Exceeded 90s,90.015
https://att-verification-page-df465fh.boxmode.io/,1,phishing,98481,timeout,Exceeded 90s,90.015
https://www.etonchagrinblvd.com,0,legitimate,4622,timeout,Exceeded 90s,90.01
https://pub-e20b83e0f3844894997d58c2271b6702.r2.dev/authorised.html?email=larchal@afal.com,1,phishing,42349,timeout,Exceeded 90s,90.014
http://www.g.qm37.com,1,phishing,225231,timeout,Exceeded 90s,90.011
https://www.vacounseling.com,0,legitimate,91309,timeout,Exceeded 90s,90.0
http://www.feixuewz.com,1,phishing,25591,timeout,Exceeded 90s,90.015
https://www.mallorcawebsite.com,0,legitimate,82166,timeout,Exceeded 90s,90.003
https://www.iflr.com,0,legitimate,205086,timeout,Exceeded 90s,90.005
http://www.private-dining.com.ua,1,phishing,23579,timeout,Exceeded 90s,90.007
https://www.panorama-cities.net,0,legitimate,70395,timeout,Exceeded 90s,90.006
http://if8tofyiugkjihk.wqbsdoecuisrj4845.workers.dev/,1,phishing,128982,timeout,Exceeded 90s,90.007
http://www.ownagedomains.com,1,phishing,215051,timeout,Exceeded 90s,90.004
https://www.fisherandfrey.com,0,legitimate,156302,timeout,Exceeded 90s,90.01
http://www.emoj.fbcode.co,1,phishing,49049,timeout,Exceeded 90s,90.005
https://www.thecoastlandtimes.com,0,legitimate,73422,timeout,Exceeded 90s,90.008
https://wstgbvtcvhujpr0vngwr.firebaseapp.com/,1,phishing,184344,timeout,Exceeded 90s,90.015
http://8tyi.kmugjxbaa5245.workers.dev/,1,phishing,21708,timeout,Exceeded 90s,90.004
https://www.greaterlouisville.com,0,legitimate,16439,timeout,Exceeded 90s,90.011
https://www.societyofcomposers.org,0,legitimate,206863,timeout,Exceeded 90s,90.01
http://www.selfiephoto.welco.live,1,phishing,202553,timeout,Exceeded 90s,90.009
http://www.airfieldelectric.com,1,phishing,162741,timeout,Exceeded 90s,90.009
http://www.biz.nf,1,phishing,90783,timeout,Exceeded 90s,90.006
https://www.escrs.org,0,legitimate,9459,timeout,Exceeded 90s,90.001
https://www.reedsfurniture.com,0,legitimate,174954,timeout,Exceeded 90s,90.001
https://www.americanstandard.ca,0,legitimate,26721,timeout,Exceeded 90s,90.014
http://www.thermalsystems.net,1,phishing,225551,timeout,Exceeded 90s,90.0
https://www.loree-paris.com,0,legitimate,125778,timeout,Exceeded 90s,90.009
http://www.ftpserverit.otzo.com,1,phishing,88685,timeout,Exceeded 90s,90.008
https://www.myespressoshop.com,0,legitimate,53588,timeout,Exceeded 90s,90.011
https://www.qexpert.com,0,legitimate,193741,timeout,Exceeded 90s,90.014
http://www.atperson.com,1,phishing,18730,timeout,Exceeded 90s,90.012
http://www.p7e9fab93d7165ba7c94319acce13f553e.ws,1,phishing,110983,timeout,Exceeded 90s,90.001
https://www.travel-to-corfu.com,0,legitimate,198136,timeout,Exceeded 90s,90.004
http://www.calirenacio.com,1,phishing,79470,timeout,Exceeded 90s,90.007
https://www.belvoir-hunt.co.uk,0,legitimate,189493,timeout,Exceeded 90s,90.004
https://upgrade044.wixsite.com/currentlyhome4,1,phishing,106831,timeout,Exceeded 90s,90.012
https://www.grc.org,0,legitimate,40974,timeout,Exceeded 90s,90.012
http://www.davidakademia.hu,1,phishing,18992,timeout,Exceeded 90s,90.013
https://www.caroma.com.au,0,legitimate,102106,timeout,Exceeded 90s,90.014
http://www.huslerz.com,1,phishing,33431,timeout,Exceeded 90s,90.01
https://www.thechickenbawks.com,0,legitimate,172479,timeout,Exceeded 90s,90.015
http://www.l7961c1d7dda20a9805d28a635f57fd3a6.ws,1,phishing,217698,timeout,Exceeded 90s,90.001
https://www.spiritpeople.com.au,0,legitimate,132928,timeout,Exceeded 90s,90.003
https://www.deandavidson.com,0,legitimate,174669,timeout,Exceeded 90s,90.005
https://storageapi.fleek.co/b620e7da-f4f5-4e6e-8d8e-8c4c3783180b-bucket/vat8/index.html#a@b.com,1,phishing,17269,timeout,Exceeded 90s,90.005
http://www.humboldtoils.com,1,phishing,75261,timeout,Exceeded 90s,90.007
http://www.reach.africa/wp-admin/network/agri3/,1,phishing,184571,timeout,Exceeded 90s,90.008
http://www.novatechexpo.in,1,phishing,121255,timeout,Exceeded 90s,90.005
https://www.sonyarapoport.org,0,legitimate,195650,timeout,Exceeded 90s,90.006
http://www.microsoft-updatecdn.com,1,phishing,222046,timeout,Exceeded 90s,90.009
http://appsupport-i-cloud.mipaginaweb.us/,1,phishing,151107,timeout,Exceeded 90s,90.011
https://shrill-water-cf05.tyyz.workers.dev/,1,phishing,37140,timeout,Exceeded 90s,90.015
https://www.naantalispa.fi,0,legitimate,185860,timeout,Exceeded 90s,90.006
https://www.morrisville.edu,0,legitimate,104634,timeout,Exceeded 90s,90.009
http://www.img.lingdi.net,1,phishing,120560,timeout,Exceeded 90s,90.007
https://www.jjpan.com,0,legitimate,103802,timeout,Exceeded 90s,90.012
https://www.startuptalky.com,0,legitimate,161072,timeout,Exceeded 90s,90.002
http://www.m1.monerise.com,1,phishing,170547,timeout,Exceeded 90s,90.005
http://www.uniquemindtech.com,1,phishing,129609,timeout,Exceeded 90s,90.008
https://www.stefanzweig.de,0,legitimate,175834,timeout,Exceeded 90s,90.008
http://www.thebestrooferla.com/ce-web/12364/,1,phishing,59865,timeout,Exceeded 90s,90.013
https://www.mok.hr,0,legitimate,92180,timeout,Exceeded 90s,90.008
https://chutlincrapo.web.app/,1,phishing,88704,timeout,Exceeded 90s,90.011
https://www.twistypuzzles.com,0,legitimate,65664,timeout,Exceeded 90s,90.004
http://www.nimbledesign.miami,1,phishing,205584,timeout,Exceeded 90s,90.015
https://www.russianspaceweb.com,0,legitimate,91224,timeout,Exceeded 90s,90.009
https://www.ohsochicdesigns.com,0,legitimate,206760,timeout,Exceeded 90s,90.008
https://www.apptornado.com,0,legitimate,163790,timeout,Exceeded 90s,90.006
https://nmdqw.oeanymufmdhoy169.workers.dev/,1,phishing,231197,timeout,Exceeded 90s,90.015
http://www.onedrive-office365.com,1,phishing,28802,timeout,Exceeded 90s,90.005
https://www.madametussauds.com,0,legitimate,169478,timeout,Exceeded 90s,90.014
https://www.loodusajakiri.ee,0,legitimate,51732,timeout,Exceeded 90s,90.006
https://www.baltimorearts.org,0,legitimate,187365,timeout,Exceeded 90s,90.0
https://www.elperiodicodearagon.com,0,legitimate,203803,timeout,Exceeded 90s,90.007
https://www.kfbridal.com,0,legitimate,23709,timeout,Exceeded 90s,90.005
https://www.fleurette.com.au,0,legitimate,32638,timeout,Exceeded 90s,90.015
http://www.uufijl.cannca.shop,1,phishing,135762,timeout,Exceeded 90s,90.004
https://late-sea-13d8.yppbavj.workers.dev/,1,phishing,52666,timeout,Exceeded 90s,90.003
http://www.alternatul.com,1,phishing,22252,timeout,Exceeded 90s,90.004
http://www.tycoonelite.com,1,phishing,31574,timeout,Exceeded 90s,90.0
https://www.carinaedolce.com,0,legitimate,12174,timeout,Exceeded 90s,90.008
http://www.dantsechs.net,1,phishing,97709,timeout,Exceeded 90s,90.009
https://connexgri.web.app/,1,phishing,227863,timeout,Exceeded 90s,90.011
https://m.help.insecurpage.workers.dev,1,phishing,28113,timeout,Exceeded 90s,90.007
https://www.villacarlotta.it,0,legitimate,120432,timeout,Exceeded 90s,90.004
https://www.womensweb.in,0,legitimate,96985,timeout,Exceeded 90s,90.004
https://www.georgeskaufman.com,0,legitimate,156019,timeout,Exceeded 90s,90.002
http://www.morgen.zzz.com.ua,1,phishing,121487,timeout,Exceeded 90s,90.004
https://www.dapenastra.com,0,legitimate,66488,timeout,Exceeded 90s,90.013
https://www.weyerhaeuser.com,0,legitimate,186067,timeout,Exceeded 90s,90.008
https://www.independentarabia.com,0,legitimate,169363,timeout,Exceeded 90s,90.004
https://www.peachstatedrinks.com,0,legitimate,187652,timeout,Exceeded 90s,90.013
http://www.tinyurl.com,1,phishing,102463,timeout,Exceeded 90s,90.006
https://www.jorudan.co.jp,0,legitimate,50821,timeout,Exceeded 90s,90.001
https://www.taoist.org,0,legitimate,91071,timeout,Exceeded 90s,90.015
https://onlinequranteaching.com/public/2lntlzwfey8pio1rwspltajjcwkxraoc,1,phishing,101719,timeout,Exceeded 90s,90.005
http://www.authymysexy.info,1,phishing,108667,timeout,Exceeded 90s,90.009
https://www.ritsumei.ac.jp,0,legitimate,222948,timeout,Exceeded 90s,90.008
https://www.milanocastello.it,0,legitimate,75082,timeout,Exceeded 90s,90.003
http://www.svr-sec2-system.com,1,phishing,31746,timeout,Exceeded 90s,90.003
http://www.10xtask.com,1,phishing,127802,timeout,Exceeded 90s,90.004
http://www.4etao.com,1,phishing,188201,timeout,Exceeded 90s,90.012
https://www.kolmetro.com,0,legitimate,147650,timeout,Exceeded 90s,90.01
https://www.fsbrosemount.com,0,legitimate,73684,timeout,Exceeded 90s,90.009
http://www.j.pinklander.com,1,phishing,140152,timeout,Exceeded 90s,90.009
http://www.lib-service.com,1,phishing,63760,timeout,Exceeded 90s,90.015
https://www.bed-breakfast-potsdam.de/media/css/red_country/,1,phishing,167042,timeout,Exceeded 90s,90.006
https://storageapi.fleek.co/285f7531-42c7-41e4-b74b-cbcfba3d4563-bucket/joi/pag.html,1,phishing,234647,timeout,Exceeded 90s,90.011
https://www.volvoce.com,0,legitimate,113470,timeout,Exceeded 90s,90.012
http://www.myproxy.ca,1,phishing,136933,timeout,Exceeded 90s,90.013
https://www.rosspub.com,0,legitimate,192697,timeout,Exceeded 90s,90.015
http://www.300bt.com,1,phishing,32763,timeout,Exceeded 90s,88.459
https://href.li/?https://chartway-oauth1.s-alrt.id/auth.php?oauth,1,phishing,115865,timeout,Exceeded 90s,90.012
http://www.bg.tc,1,phishing,90032,timeout,Exceeded 90s,90.003
https://www.nomadsculpt.com,0,legitimate,58363,timeout,Exceeded 90s,90.002
https://www.theseea.com,0,legitimate,6806,timeout,Exceeded 90s,90.003
http://marketplace.details.90312536.liveblog365.com/?i=1,1,phishing,43999,timeout,Exceeded 90s,90.004
https://www.geico.com,0,legitimate,80921,timeout,Exceeded 90s,90.016
https://www.cinemaview.sk,0,legitimate,22929,timeout,Exceeded 90s,90.012
http://www.carnice-transferts-aeroport.com.usrfiles.com/html/0e472f_4d9b2a88f72eb4191a8eb158b004ca1f.html,1,phishing,32075,timeout,Exceeded 90s,90.012
https://www.fidobiotics.com,0,legitimate,205097,timeout,Exceeded 90s,90.001
https://tinyurl.com/k5yj2cmt,1,phishing,66350,timeout,Exceeded 90s,90.008
http://www.lifestyleafrica.org,1,phishing,218084,timeout,Exceeded 90s,90.012
http://www.tiny-wagen.com,1,phishing,230183,timeout,Exceeded 90s,90.01
https://www.teammanagerhremployee3.edns.biz/,1,phishing,33396,timeout,Exceeded 90s,90.01
https://www.pannonris.hu,0,legitimate,30693,timeout,Exceeded 90s,90.013
http://www.google.sh,1,phishing,102016,timeout,Exceeded 90s,90.011
https://www.fireservicecollege.ac.uk,0,legitimate,55057,timeout,Exceeded 90s,90.0
https://www.siobhanphoto.com,0,legitimate,57694,timeout,Exceeded 90s,90.012
http://www.freightlogins.com,1,phishing,193314,timeout,Exceeded 90s,90.001
https://www.icp.uni-stuttgart.de,0,legitimate,181123,timeout,Exceeded 90s,90.01
http://www.holmesballard.chez.com,1,phishing,14542,timeout,Exceeded 90s,90.005
https://dabrefololokiffe.web.app/,1,phishing,64243,timeout,Exceeded 90s,90.012
https://www.boothworks.ca,0,legitimate,39412,timeout,Exceeded 90s,90.009
https://www.welsh-dictionary.ac.uk,0,legitimate,194377,timeout,Exceeded 90s,90.006
http://flintlondonlessons.ianflint.com/,1,phishing,181443,timeout,Exceeded 90s,90.014
http://www.baldense.it,1,phishing,59350,timeout,Exceeded 90s,90.01
https://www.qb50.eu,0,legitimate,221119,timeout,Exceeded 90s,90.001
http://www.santiago-services.com,1,phishing,25051,timeout,Exceeded 90s,90.015
http://www.swee.fbcode.co,1,phishing,34720,timeout,Exceeded 90s,90.001
http://banconacionalcostarica.atsnx.com/ldsss1.html,1,phishing,98413,timeout,Exceeded 90s,90.015
http://icloud-findmyphone-cloud.mipaginaweb.us/,1,phishing,235648,timeout,Exceeded 90s,90.007
http://www.pandemidesteklericovidd19.unaux.com,1,phishing,23464,timeout,Exceeded 90s,90.012
https://storageapi.fleek.co/b7f72a11-d828-4628-9bf5-9453e9bba036-bucket/0365/7765387427376283982.html,1,phishing,195708,timeout,Exceeded 90s,90.013
http://www.pfir.cannca.shop,1,phishing,87961,timeout,Exceeded 90s,90.005
https://www.catholicharboroffaithandmorals.com,0,legitimate,20849,timeout,Exceeded 90s,90.012
https://www.pnhpnymetro.org,0,legitimate,73262,timeout,Exceeded 90s,90.015
https://www.prideofindia.co,0,legitimate,137738,timeout,Exceeded 90s,90.004
http://www.infosec.jp,1,phishing,199994,timeout,Exceeded 90s,90.006
http://www.admina.xyz,1,phishing,32505,timeout,Exceeded 90s,90.016
https://www.cmgsite.com,0,legitimate,204679,timeout,Exceeded 90s,90.005
https://www.chaosconstructions.ru,0,legitimate,54578,timeout,Exceeded 90s,90.011
http://www.zebra.wthelpdesk.com,1,phishing,51054,timeout,Exceeded 90s,90.001
https://www.policysolutions.hu,0,legitimate,137197,timeout,Exceeded 90s,90.014
https://www.kauhava.fi,0,legitimate,235652,timeout,Exceeded 90s,90.013
http://www.1odt2df1cut9hr1ugftac6uvzji.com,1,phishing,24322,timeout,Exceeded 90s,90.011
https://tinyurl.com/4bnsznc5,1,phishing,40861,timeout,Exceeded 90s,90.009
https://www.holyoke.org,0,legitimate,43886,timeout,Exceeded 90s,90.01
http://www.arku.xyz,1,phishing,138632,timeout,Exceeded 90s,90.008
http://www.download5.77169.com,1,phishing,17120,timeout,Exceeded 90s,90.004
https://www.fda.gov,0,legitimate,6409,timeout,Exceeded 90s,90.012
https://www.cossetmoi.com,0,legitimate,210340,timeout,Exceeded 90s,90.001
http://www.iownv.fbcode.co,1,phishing,161211,timeout,Exceeded 90s,90.001
https://catrose.in/wp-admin/includes/includes/,1,phishing,28347,timeout,Exceeded 90s,90.015
https://please-wait--connection.firebaseapp.com/,1,phishing,78721,timeout,Exceeded 90s,90.0
https://ch0.link/orsge,1,phishing,69771,timeout,Exceeded 90s,90.009
https://www.unionvilletimes.com,0,legitimate,37507,timeout,Exceeded 90s,90.001
http://onnonetworks.com/,1,phishing,85072,timeout,Exceeded 90s,90.002
https://bafybeib25hmxzgwcep7zgtscu22ujyvlmq3zi4i67zfbepdiytshv7fqla.ipfs.w3s.link/bxxt.html,1,phishing,78795,timeout,Exceeded 90s,90.003
http://www.gleesoncivil.com.au,1,phishing,75288,timeout,Exceeded 90s,90.009
https://www.olympic.sk,0,legitimate,11439,timeout,Exceeded 90s,90.014
http://www.s2.tercabilis.info,1,phishing,226388,timeout,Exceeded 90s,90.008
https://www.ortoblog.com,0,legitimate,184973,timeout,Exceeded 90s,90.002
https://sites.google.com/view/repairnextsteps,1,phishing,31386,timeout,Exceeded 90s,90.0
https://www.claritin.com,0,legitimate,226866,timeout,Exceeded 90s,90.014
https://packett-id.firebaseapp.com/,1,phishing,58394,timeout,Exceeded 90s,90.012
http://www.comgroupe.com,1,phishing,145233,timeout,Exceeded 90s,90.004
http://www.b74c379700b180e2679054be64d9d89ac0.ws,1,phishing,46801,timeout,Exceeded 90s,90.001
http://www.hesan.com,1,phishing,52240,timeout,Exceeded 90s,90.004
http://www.chemlab.com.my,1,phishing,7950,timeout,Exceeded 90s,90.008
https://www.bcbiggan.com,0,legitimate,128315,timeout,Exceeded 90s,90.001
https://www.kamkartway.com,0,legitimate,124355,timeout,Exceeded 90s,90.009
http://www.12n.de,1,phishing,204067,timeout,Exceeded 90s,90.007
http://www.testtralala.xorg.pl,1,phishing,22028,timeout,Exceeded 90s,90.005
http://www.fishum.com,1,phishing,86741,timeout,Exceeded 90s,90.006
https://www.oemsecrets.com,0,legitimate,139785,timeout,Exceeded 90s,90.001
https://www.brightsideofthesun.com,0,legitimate,112419,timeout,Exceeded 90s,90.013
https://loginusrobinhod.mystrikingly.com/,1,phishing,179042,timeout,Exceeded 90s,90.009
http://www.uz.gp,1,phishing,51957,timeout,Exceeded 90s,90.0
https://www.broesels-buecherregal.de,0,legitimate,208,timeout,Exceeded 90s,90.005
https://www.adamspest.biz,0,legitimate,70124,timeout,Exceeded 90s,90.003
https://www.robmathes.com,0,legitimate,205810,timeout,Exceeded 90s,90.015
https://www.mediamarkt.com.tr,0,legitimate,40779,timeout,Exceeded 90s,90.016
https://www.spientertainment.com,0,legitimate,129952,timeout,Exceeded 90s,90.014
https://uuser90accept.start.page/,1,phishing,203514,timeout,Exceeded 90s,90.007
http://www.domainithere.com,1,phishing,113529,timeout,Exceeded 90s,90.001
https://www.slotloevestein.nl,0,legitimate,70101,timeout,Exceeded 90s,90.005
http://www.onlinelab.site,1,phishing,234063,timeout,Exceeded 90s,90.008
https://www.crewlist.org.uk,0,legitimate,45402,timeout,Exceeded 90s,90.0
http://www.cenconsulting.com,1,phishing,211879,timeout,Exceeded 90s,90.006
https://www.winuae.net,0,legitimate,51593,timeout,Exceeded 90s,90.015
http://www.s002.monerise.com,1,phishing,121316,timeout,Exceeded 90s,90.015
https://www.optimusfox.com,0,legitimate,77149,timeout,Exceeded 90s,90.006
http://www.subtitle.cannca.shop,1,phishing,148383,timeout,Exceeded 90s,90.007
https://www.paisd.org,0,legitimate,23976,timeout,Exceeded 90s,90.014
https://www.eurocities.org,0,legitimate,78161,timeout,Exceeded 90s,90.001
http://www.jorgecoronel.com,1,phishing,226845,timeout,Exceeded 90s,90.004
http://www.z3887dac7040e45a849de88a54215f57da.ws,1,phishing,32541,timeout,Exceeded 90s,90.006
http://www.tmztp.com,1,phishing,160150,timeout,Exceeded 90s,90.012
http://iviewing.co.uk/whkemm/login.php?cmd=login_submitu0026id=d4dfb62ea8c04686266a921b9401ab00d4dfb62ea8c04686266a921b9401ab00u0026session=d4dfb62ea8c04686266a921b9401ab00d4dfb62ea8c04686266a921b9401ab00,1,phishing,17926,timeout,Exceeded 90s,90.007
https://www.univali.br,0,legitimate,122135,timeout,Exceeded 90s,90.004
https://www.shoemoney.com,0,legitimate,47178,timeout,Exceeded 90s,90.004
https://www.fatf-gafi.org,0,legitimate,15845,timeout,Exceeded 90s,90.012
http://www.infodocs.kginfocom.com,1,phishing,110688,timeout,Exceeded 90s,90.011
http://www.blackgeeksofdragoncon.com,1,phishing,48236,timeout,Exceeded 90s,90.003
http://www.x.com,1,phishing,117694,timeout,Exceeded 90s,90.008
http://www.hcareconcepts.com,1,phishing,171087,timeout,Exceeded 90s,90.007
https://www.rongeesin.com,0,legitimate,235146,timeout,Exceeded 90s,90.007
https://comi10.com/assets/umereofthedomini/oncenterinternatio/nalbasedinokigwei/ariisasimpleman/images/images,1,phishing,96248,timeout,Exceeded 90s,90.007
https://www.bruzz.be,0,legitimate,13396,timeout,Exceeded 90s,90.006
https://www.math.hkbu.edu.hk,0,legitimate,116162,timeout,Exceeded 90s,90.006
https://www.appin.cloud,0,legitimate,210197,timeout,Exceeded 90s,90.004
https://www.axisandallies.org,0,legitimate,148892,timeout,Exceeded 90s,90.013
https://vesrsionpluspropre.firebaseapp.com/,1,phishing,228620,timeout,Exceeded 90s,90.008
https://www.yoshimoto.co.jp,0,legitimate,110004,timeout,Exceeded 90s,90.01
https://www.subverseindustries.com,0,legitimate,22895,timeout,Exceeded 90s,90.002
https://www.lacrossecounty.org,0,legitimate,38188,timeout,Exceeded 90s,90.013
http://www.bet5816.com/,1,phishing,212433,timeout,Exceeded 90s,90.001
http://www.climaxcn.com,1,phishing,83714,timeout,Exceeded 90s,90.001
http://www.saocap.com/wp-admin/,1,phishing,5525,timeout,Exceeded 90s,90.007
https://www.happyplacebrand.com,0,legitimate,25380,timeout,Exceeded 90s,90.011
http://www.pinoconsulting.net,1,phishing,109546,timeout,Exceeded 90s,90.015
https://www.ucuyos.com,0,legitimate,4399,timeout,Exceeded 90s,90.009
https://www.govst.edu,0,legitimate,106362,timeout,Exceeded 90s,90.008
http://www.dnslocation.info,1,phishing,105224,timeout,Exceeded 90s,90.01
http://92c178d4-a37c-44a6-8dc8-f2ce2a591df3.usrfiles.com/html/0e472f_4d9b2a88f72eb4191a8eb158b004ca1f.html,1,phishing,119989,timeout,Exceeded 90s,90.007
http://www.zablimconsultancy.co.ke,1,phishing,41027,timeout,Exceeded 90s,90.014
https://www.coalindia.in,0,legitimate,227429,timeout,Exceeded 90s,90.009
https://www.policyreview.eu,0,legitimate,211938,timeout,Exceeded 90s,90.0
http://www.cbr.sh,1,phishing,148825,timeout,Exceeded 90s,90.001
https://www.minervanett.no,0,legitimate,223804,timeout,Exceeded 90s,90.001
http://dhl-event.app/,1,phishing,73327,timeout,Exceeded 90s,90.002
http://www.asswh.com,1,phishing,33687,timeout,Exceeded 90s,90.015
https://www.slpproject.co.uk,0,legitimate,82835,timeout,Exceeded 90s,90.004
http://www.quck.welco.live,1,phishing,153757,timeout,Exceeded 90s,90.005
http://www.tych.pe,1,phishing,16803,timeout,Exceeded 90s,90.01
http://www.claria.ca,1,phishing,38978,timeout,Exceeded 90s,90.003
https://connect3rivers-fcu.firebaseapp.com/,1,phishing,217139,timeout,Exceeded 90s,90.001
https://www.thepines.sa.edu.au,0,legitimate,127193,timeout,Exceeded 90s,90.006
https://www.ezcpak.com,0,legitimate,47536,timeout,Exceeded 90s,90.004
http://www.fcsr.org,1,phishing,211676,timeout,Exceeded 90s,90.016
https://miseajourdelafacturation.edelweissmor.hu/ch/fr/auth/signin.php,1,phishing,81791,timeout,Exceeded 90s,90.009
http://www.ck.fburl.fun,1,phishing,23520,timeout,Exceeded 90s,90.015
https://www.fabbaloo.com,0,legitimate,205667,timeout,Exceeded 90s,90.009
https://www.mudra.website,0,legitimate,88026,timeout,Exceeded 90s,90.014
http://procoinbasslogin.mystrikingly.com/,1,phishing,168486,timeout,Exceeded 90s,90.011
https://www.abilityfoundation.org,0,legitimate,119380,timeout,Exceeded 90s,90.008
http://www.webpro.xyz,1,phishing,216813,timeout,Exceeded 90s,90.009
http://www.wochenmo.com,1,phishing,226312,timeout,Exceeded 90s,90.007
http://www.d.gp,1,phishing,217475,timeout,Exceeded 90s,90.006
https://www.wearefamilyfoundation.org,0,legitimate,224961,timeout,Exceeded 90s,90.007
https://www.abraji.org.br,0,legitimate,10227,timeout,Exceeded 90s,90.013
http://www.itbus.com,1,phishing,38372,timeout,Exceeded 90s,90.003
https://www.ministeriodesalud.go.cr,0,legitimate,44042,timeout,Exceeded 90s,90.005
https://www.worldnavalships.com,0,legitimate,158832,timeout,Exceeded 90s,90.001
https://www.xspf.org,0,legitimate,213313,timeout,Exceeded 90s,90.014
http://www.full-movies-online.cba.pl,1,phishing,21580,timeout,Exceeded 90s,90.0
https://www.dotdotdot.it,0,legitimate,235292,timeout,Exceeded 90s,90.008
https://www.berden.nl,0,legitimate,41712,timeout,Exceeded 90s,90.014
http://www.external.monerise.com,1,phishing,70024,timeout,Exceeded 90s,90.008
https://www.driftar.ch,0,legitimate,211982,timeout,Exceeded 90s,90.008
http://www.1ejermu8235n21ji61hlvbx2p7.net,1,phishing,225195,timeout,Exceeded 90s,90.011
https://www.lawrencebay.com,0,legitimate,43721,timeout,Exceeded 90s,90.002
http://www.build.net,1,phishing,77978,timeout,Exceeded 90s,90.005
https://www.eassos.com,0,legitimate,86129,timeout,Exceeded 90s,90.008
https://account-access-review.web.app/,1,phishing,208586,timeout,Exceeded 90s,90.007
https://logn-currently.ezu2.workers.dev/,1,phishing,161728,timeout,Exceeded 90s,90.001
http://www.codetisan.com,1,phishing,196872,timeout,Exceeded 90s,90.004
https://cebjiankb3.web.app/,1,phishing,100707,timeout,Exceeded 90s,90.011
https://www.gids.tv,0,legitimate,80328,timeout,Exceeded 90s,90.011
http://tlcbcp.cm/,1,phishing,114984,timeout,Exceeded 90s,90.013
https://www.enginecompare.co.uk,0,legitimate,125181,timeout,Exceeded 90s,90.003
http://www.gjocmdx.ru,1,phishing,175172,timeout,Exceeded 90s,90.009
https://www.qvna.org,0,legitimate,159320,timeout,Exceeded 90s,90.001
http://www.karizcustomizeme.com,1,phishing,1024,timeout,Exceeded 90s,90.006
https://www.epik.com,0,legitimate,54629,timeout,Exceeded 90s,90.003
http://www.getrich.cash,1,phishing,66406,timeout,Exceeded 90s,90.008
http://www.sbi.mx/page/41/786/completed.p,1,phishing,146209,timeout,Exceeded 90s,90.015
https://www.pannellofilomuro.it,0,legitimate,37796,timeout,Exceeded 90s,90.014
http://weegh-weency-cloiar.yolasite.com/,1,phishing,162592,timeout,Exceeded 90s,90.013
https://www.intelligentdatacentres.com,0,legitimate,166365,timeout,Exceeded 90s,90.006
http://www.freamer.de,1,phishing,229674,timeout,Exceeded 90s,90.015
https://www.okocreations.ca,0,legitimate,125390,timeout,Exceeded 90s,90.007
http://www.majorleaguehomerepair.com,1,phishing,20451,timeout,Exceeded 90s,90.002
https://www.healthbeyondinsurance.com,0,legitimate,215427,timeout,Exceeded 90s,90.002
http://www.ipservicesaggregator.com,1,phishing,207336,timeout,Exceeded 90s,90.008
https://www.lightheartadventures.com,0,legitimate,176494,timeout,Exceeded 90s,90.008
http://domibanre.royalwebhosting.net,1,phishing,136955,timeout,Exceeded 90s,90.0
https://openseapro-1318069902.cos.eu-frankfurt.myqcloud.com/openseapro.html,1,phishing,40574,timeout,Exceeded 90s,90.007
https://www.shawneeok.org,0,legitimate,12958,timeout,Exceeded 90s,90.007
http://www.besttru.qpoe.com,1,phishing,11859,timeout,Exceeded 90s,90.011
https://www.bydesignministry.org,0,legitimate,212186,timeout,Exceeded 90s,90.01
https://8ifw.short.gy/mps,1,phishing,90961,timeout,Exceeded 90s,90.009
https://www.acelerapyme.es,0,legitimate,123908,timeout,Exceeded 90s,90.0
https://tiwofiana10.web.app/,1,phishing,90108,timeout,Exceeded 90s,90.011
http://www.higoec.com,1,phishing,187240,timeout,Exceeded 90s,90.003
https://www.hwalibrary.com,0,legitimate,89715,timeout,Exceeded 90s,90.009
http://www.ch.gp,1,phishing,53099,timeout,Exceeded 90s,90.002
https://www.odni.gov,0,legitimate,152666,timeout,Exceeded 90s,90.014
https://www.boisdale.co.uk,0,legitimate,168012,timeout,Exceeded 90s,90.002
https://www.aanr.com,0,legitimate,210504,timeout,Exceeded 90s,90.01
http://fd9f0f4e-bd78-4aba-b504-a1ab2acb7c5b.usrfiles.com/html/0e472f_4d9b2a88f72eb4191a8eb158b004ca1f.html,1,phishing,25111,timeout,Exceeded 90s,90.013
https://www.cserpentdesigns.com,0,legitimate,217449,timeout,Exceeded 90s,90.007
http://www.tayga.mx,1,phishing,13043,timeout,Exceeded 90s,90.002
http://www.bsnet.ewul.net,1,phishing,128273,timeout,Exceeded 90s,90.005
https://staging-demo.com/,1,phishing,27542,timeout,Exceeded 90s,90.01
https://hidden-snow-806a.heth5pusai9187.workers.dev/,1,phishing,144979,timeout,Exceeded 90s,90.01
http://www-koooonsoft-jp.usrfiles.com/html/0e472f_4d9b2a88f72eb4191a8eb158b004ca1f.html,1,phishing,25404,timeout,Exceeded 90s,90.009
https://www.bhusd.org,0,legitimate,31065,timeout,Exceeded 90s,90.013
https://www.astronomics.com,0,legitimate,76296,timeout,Exceeded 90s,90.005
https://www.visitisleofwight.co.uk,0,legitimate,126341,timeout,Exceeded 90s,90.014
https://www.nklyga.lt,0,legitimate,169610,timeout,Exceeded 90s,90.007
http://www.lapaz.ru,1,phishing,132504,timeout,Exceeded 90s,90.001
https://www.sydneytowereye.com.au,0,legitimate,5394,timeout,Exceeded 90s,90.009
http://www.byethost7.com,1,phishing,103435,timeout,Exceeded 90s,90.009
https://www.eomega.org,0,legitimate,214162,timeout,Exceeded 90s,90.001
http://acceyountwe4sgsupportid.rf.gd/,1,phishing,161614,timeout,Exceeded 90s,90.012
http://www-squeakcheeks-com.usrfiles.com/html/0e472f_4d9b2a88f72eb4191a8eb158b004ca1f.html,1,phishing,34605,timeout,Exceeded 90s,90.015
https://www.elleryqueenmysterymagazine.com,0,legitimate,46351,timeout,Exceeded 90s,90.013
http://allegro-pakunek.e-kei.pl/,1,phishing,216314,timeout,Exceeded 90s,90.0
https://www.riversidetheatre.com,0,legitimate,87123,timeout,Exceeded 90s,90.004
https://mmtttb33-opnn5.web.app/,1,phishing,156026,timeout,Exceeded 90s,90.002
http://www.polat.googmail.org,1,phishing,142014,timeout,Exceeded 90s,90.0
http://www.ans.ro,1,phishing,6355,timeout,Exceeded 90s,90.004
https://popdot.io/,1,phishing,163078,timeout,Exceeded 90s,90.002
https://www.ashleycountyledger.com,0,legitimate,131584,timeout,Exceeded 90s,90.011
http://document-projects.files-auuth.workers.dev,1,phishing,76188,timeout,Exceeded 90s,90.009
https://www.ges2016.org,0,legitimate,218426,timeout,Exceeded 90s,90.012
https://www.volunteermark.com,0,legitimate,193310,timeout,Exceeded 90s,90.008
https://www.oharacorp.com,0,legitimate,189793,timeout,Exceeded 90s,90.007
http://www.cloudfiles.club,1,phishing,102749,timeout,Exceeded 90s,90.004
http://www.lazovick.biz,1,phishing,228521,timeout,Exceeded 90s,90.004
https://www.ridemcts.com,0,legitimate,191677,timeout,Exceeded 90s,90.003
http://www.tellusvillas.com,1,phishing,117121,timeout,Exceeded 90s,90.005
http://www.j83d7ceea02a3adaeda01b89ae82e96883.ws,1,phishing,24511,timeout,Exceeded 90s,90.001
https://simofi-der.web.app/,1,phishing,14632,timeout,Exceeded 90s,90.003
https://www.bouwwereld.nl,0,legitimate,215497,timeout,Exceeded 90s,90.013
https://www.limousineconnection.com,0,legitimate,83561,timeout,Exceeded 90s,90.002
https://onlinequranteaching.com/public/vu1ztldladx8jmzdlcffkoeclasczhxc,1,phishing,3924,timeout,Exceeded 90s,90.015
https://www.jcrows.com,0,legitimate,201153,timeout,Exceeded 90s,90.011
https://2aeb0034-2824-4d0d-88f0-aacf751694b3.usrfiles.com/html/0e472f_4d9b2a88f72eb4191a8eb158b004ca1f.html,1,phishing,214436,timeout,Exceeded 90s,90.004
http://www.precisionmechanical.org,1,phishing,4232,timeout,Exceeded 90s,90.002
https://www.leanpath.com,0,legitimate,104538,timeout,Exceeded 90s,90.015
https://aaaa-9qg.pages.dev/,1,phishing,69218,timeout,Exceeded 90s,90.011
https://www.lmno.cnrs.fr,0,legitimate,28140,timeout,Exceeded 90s,90.012
https://www.chatbots.org,0,legitimate,58762,timeout,Exceeded 90s,90.007
http://www.0577yx.com,1,phishing,7143,timeout,Exceeded 90s,90.004
http://getfungrw456.c1.biz/,1,phishing,16616,timeout,Exceeded 90s,90.008
https://www.mimsrf.org/day/,1,phishing,206296,timeout,Exceeded 90s,90.014
http://www.975685.com,1,phishing,98735,timeout,Exceeded 90s,90.001
http://www.mdrftwyy.info,1,phishing,76919,timeout,Exceeded 90s,90.005
https://www.rte.ie,0,legitimate,37959,timeout,Exceeded 90s,90.013
https://www.dutzfloors.com,0,legitimate,179472,timeout,Exceeded 90s,90.008
https://www.kerry-beaches.com,0,legitimate,196343,timeout,Exceeded 90s,90.007
http://www.fancybooth.nl,1,phishing,209639,timeout,Exceeded 90s,90.015
https://signalhealthgroup.com/wp-content/plugins/n25112022/,1,phishing,190883,timeout,Exceeded 90s,90.0
http://www.pcollege.ru,1,phishing,199940,timeout,Exceeded 90s,90.001
http://www.gmrsnodes.com,1,phishing,53669,timeout,Exceeded 90s,90.01
http://www.laraibgroup.com,1,phishing,89434,timeout,Exceeded 90s,90.008
http://bafybeiaooxbjewupxuvfjas3patznvhbi2w35kev2amnoimgjray5ssyqe.ipfs.dweb.link/,1,phishing,127846,timeout,Exceeded 90s,90.005
https://www.reviews.org,0,legitimate,112525,timeout,Exceeded 90s,90.001
http://www.likeahair.com,1,phishing,53488,timeout,Exceeded 90s,90.006
https://www.artsource.net.au,0,legitimate,63793,timeout,Exceeded 90s,90.003
http://www.justjohnwilhertthet.ws,1,phishing,21328,timeout,Exceeded 90s,90.006
https://organisasi.bulungan.go.id/public/qzb7gusmwqbtrg061by4cxxzmjp1dxdy,1,phishing,48543,timeout,Exceeded 90s,90.001
https://www.dcscores.org,0,legitimate,45352,timeout,Exceeded 90s,90.001
http://www.hidethisip.net,1,phishing,229933,timeout,Exceeded 90s,90.015
http://www.stylesourcingbd.com,1,phishing,78264,timeout,Exceeded 90s,90.009
http://www.dayimachine.com,1,phishing,65398,timeout,Exceeded 90s,90.008
https://www.sad-bastard-music.com,0,legitimate,176231,timeout,Exceeded 90s,90.002
https://v2c.obs.ap-southeast-1.myhuaweicloud.com/%23?awsaccesskeyid=jrni8hhjmdg0pecdtgty&expires=1683674071&signature=o2s792ovpp6rgj00frvt2bhpch4%3d&tjjdy=a4vqau2prjvvsix6j9sspftvvs57djtxibmxz2vulxbhz2v4lwzwbnfjbmtoznbucwnua2gtzg9jlwtlbi1yzxgtcghpc2hpbmcuy29t,1,phishing,178064,timeout,Exceeded 90s,90.01
https://www.goldreserveinc.com,0,legitimate,170784,timeout,Exceeded 90s,90.006
http://www.codibest.com,1,phishing,71387,timeout,Exceeded 90s,90.001
https://up-login-www.infocojp-ekilogigupupup.workers.dev/,1,phishing,150477,timeout,Exceeded 90s,90.003
https://www.stallions.com.au,0,legitimate,121360,timeout,Exceeded 90s,90.01
https://www.careercornerstone.org,0,legitimate,61676,timeout,Exceeded 90s,90.002
https://www.ptown.org,0,legitimate,44721,timeout,Exceeded 90s,90.014
https://www.florianalocalcouncil.com,0,legitimate,172829,timeout,Exceeded 90s,90.005
https://www.phylsflowers.com,0,legitimate,131619,timeout,Exceeded 90s,90.003
https://flow.page/j50,1,phishing,219003,timeout,Exceeded 90s,90.014
https://xn--facebook-fotografas-para-la-vidauw-red.filesusr.com/html/e9b537_00f56778380cbda9c0a3300dcc15254e.html?2261645*twf6dgvy*https://www_facebook_com/groups/httpswww_instagram_comfotografosxelmundo_ig/=,1,phishing,197461,timeout,Exceeded 90s,90.01
https://ecocashback.kz/s/loaded/,1,phishing,160926,timeout,Exceeded 90s,90.013
https://www.roseantiquetools.com,0,legitimate,64374,timeout,Exceeded 90s,90.013
https://www.duo.uio.no,0,legitimate,32682,timeout,Exceeded 90s,90.013
https://www.cityofeagle.com,0,legitimate,42524,timeout,Exceeded 90s,90.015
http://www.confurn.net,1,phishing,204869,timeout,Exceeded 90s,90.002
http://organisasi.bulungan.go.id/public/cgrvoe7mnz6h8rffwxavvfubzjpzkb25/,1,phishing,38579,timeout,Exceeded 90s,90.0
https://www.turnermuseum.org,0,legitimate,28241,timeout,Exceeded 90s,90.015
https://www.sakuraaikikai.com,0,legitimate,182666,timeout,Exceeded 90s,90.012
https://www.thedreamshake.com,0,legitimate,143468,timeout,Exceeded 90s,90.002
https://www.daiichisankyo.co.jp,0,legitimate,20244,timeout,Exceeded 90s,90.001
https://livelo.app/agendamento,1,phishing,121960,timeout,Exceeded 90s,90.012
https://www.tippmannparts.com,0,legitimate,134954,timeout,Exceeded 90s,90.0
http://www.vpnkerio.com,1,phishing,190226,timeout,Exceeded 90s,90.01
https://t.me/franklinscott23,1,phishing,99033,timeout,Exceeded 90s,90.006
http://www.gjajg1kky3ds10z2wzy1umtdjo.net,1,phishing,21388,timeout,Exceeded 90s,90.013
https://fragrant-truth-e558.u84799i09929.workers.dev/,1,phishing,61627,timeout,Exceeded 90s,90.013
https://wwxhajudjgwjklckvzgs4.firebaseapp.com/,1,phishing,135005,timeout,Exceeded 90s,90.0
http://www.yukmapan.com,1,phishing,185200,timeout,Exceeded 90s,90.012
https://www.positivehealth.com,0,legitimate,166339,timeout,Exceeded 90s,90.013
https://www.oskaloosa.com,0,legitimate,3952,timeout,Exceeded 90s,90.014
http://www.jk136.com,1,phishing,51837,timeout,Exceeded 90s,90.007
https://www.hemophilia.org,0,legitimate,216573,timeout,Exceeded 90s,90.001
https://spring-sea-5bbe.campfire850.workers.dev/,1,phishing,142729,timeout,Exceeded 90s,90.009
https://pub-a82279618d6a474b94d28310654827e8.r2.dev/news.html,1,phishing,230449,timeout,Exceeded 90s,90.016
https://redtail-f.web.app/,1,phishing,89982,timeout,Exceeded 90s,90.007
http://www.shahedrahman.com,1,phishing,208142,timeout,Exceeded 90s,90.013
https://allonsavecsaoklmala.firebaseapp.com/,1,phishing,234903,timeout,Exceeded 90s,90.007
https://www.immigration.ca,0,legitimate,125153,timeout,Exceeded 90s,90.005
http://112.218.68.155/~pc119/good/apib1anz.comapinetbank.htm,1,phishing,78396,timeout,Exceeded 90s,90.002
https://www.quicktojobs.com,0,legitimate,158473,timeout,Exceeded 90s,90.002
https://www.arizonaadvancedmedicine.com,0,legitimate,205998,timeout,Exceeded 90s,90.007
https://www.maale-adummim.muni.il,0,legitimate,99781,timeout,Exceeded 90s,90.002
https://www.artistecard.com,0,legitimate,215575,timeout,Exceeded 90s,90.012
https://www.asgharintl.net,1,phishing,77970,timeout,Exceeded 90s,90.007
https://aoxnprtll.web.app/,1,phishing,199288,timeout,Exceeded 90s,90.015
http://www.aesthetix.in,1,phishing,14831,timeout,Exceeded 90s,90.01
http://www.pilotscience.com,1,phishing,13614,timeout,Exceeded 90s,90.013
https://www.allshewrotenotes.com,0,legitimate,114652,timeout,Exceeded 90s,90.012
http://www.view-control-page.club,1,phishing,172643,timeout,Exceeded 90s,90.011
https://www.ffgi.net,0,legitimate,207935,timeout,Exceeded 90s,90.012
https://www-bancodeocciidente-hn.jimdosite.com/,1,phishing,110671,timeout,Exceeded 90s,90.007
http://www.blackhatcracks.bplaced.net,1,phishing,147327,timeout,Exceeded 90s,90.0
http://www.operation-manual.com,1,phishing,160884,timeout,Exceeded 90s,90.015
https://www.sahistory.org.za,0,legitimate,123944,timeout,Exceeded 90s,90.013
https://www.jacobnordby.com,0,legitimate,82834,timeout,Exceeded 90s,90.001
http://www.darts-bar-nova.com,1,phishing,88334,timeout,Exceeded 90s,90.013
https://www.alpico.co.jp,0,legitimate,217173,timeout,Exceeded 90s,90.01
https://ballooncreations.co/mpss/pass.html?cmd=login_submit&id=8aae79f4b5c35e9126a2f19f7b84e7ab8aae79f4b5c35e9126a2f19f7b84e7ab&session=8aae79f4b5c35e9126a2f19f7b84e7ab8aae79f4b5c35e9126a2f19f7b84e7ab,1,phishing,234994,timeout,Exceeded 90s,90.002
https://www.ulcseminary.org,0,legitimate,131862,timeout,Exceeded 90s,90.016
https://skinluvstudio-1317634057.cos.eu-frankfurt.myqcloud.com/skinluvstudio.html,1,phishing,97970,timeout,Exceeded 90s,90.01
https://www.kleiss.at,0,legitimate,214913,timeout,Exceeded 90s,90.009
https://www.playcreek.com,0,legitimate,51139,timeout,Exceeded 90s,90.015
http://www.bet55365.com,1,phishing,5714,timeout,Exceeded 90s,90.004
http://www.starzara.com,1,phishing,14871,timeout,Exceeded 90s,90.01
http://416363efax-2772-fi1e62ab.info6920.workers.dev/,1,phishing,195415,timeout,Exceeded 90s,90.003
https://www.weinberger-biletti.at,0,legitimate,108520,timeout,Exceeded 90s,90.007
https://www.larevuetoudi.org,0,legitimate,51722,timeout,Exceeded 90s,90.002
http://www.weeb-tv.pl,1,phishing,32852,timeout,Exceeded 90s,90.008
https://dtplkvixf.web.app/,1,phishing,66439,timeout,Exceeded 90s,90.003
https://www.tribfest.co.uk,0,legitimate,87882,timeout,Exceeded 90s,90.013
https://surcusalficohsa.webcindario.com/home.php,1,phishing,126382,timeout,Exceeded 90s,90.003
https://organisasi.bulungan.go.id/public/z0klon774fiuq8rklhkvwc11ou4mghlk,1,phishing,222862,timeout,Exceeded 90s,90.001
https://www.nzbotanicalsociety.org.nz,0,legitimate,229327,timeout,Exceeded 90s,90.013
http://www.jhurst.com,1,phishing,21543,timeout,Exceeded 90s,90.0
https://www.fbfs.com,0,legitimate,231470,timeout,Exceeded 90s,90.015
https://www.garysflowers.com,0,legitimate,9140,timeout,Exceeded 90s,90.006
https://control.mailblaze.com/frontend/assets/files/customer/ac553lbtzve20/x.php,1,phishing,58023,timeout,Exceeded 90s,90.004
http://www.eos-promo.com,1,phishing,180804,timeout,Exceeded 90s,90.005
http://www.architektur-und-mehr.de,1,phishing,93903,timeout,Exceeded 90s,90.005
https://www.aroundtheblock.com,0,legitimate,44181,timeout,Exceeded 90s,90.01
https://www.santemagazine.fr,0,legitimate,95819,timeout,Exceeded 90s,90.009
http://www.mehedy.net,1,phishing,138830,timeout,Exceeded 90s,90.0
https://www.vrvforum.be,0,legitimate,234074,timeout,Exceeded 90s,90.005
http://www.sturing.info,1,phishing,69917,timeout,Exceeded 90s,90.015
https://www.dalet.com,0,legitimate,59283,timeout,Exceeded 90s,90.015
https://www.afognak.org,0,legitimate,11936,timeout,Exceeded 90s,90.002
https://tribelio.page/htrtregef,1,phishing,63234,timeout,Exceeded 90s,90.013
http://lpjdc.com/,1,phishing,172498,timeout,Exceeded 90s,90.011
http://www.9k.com,1,phishing,52714,timeout,Exceeded 90s,90.01
https://www.bergerac.fr,0,legitimate,86948,timeout,Exceeded 90s,90.0
https://www.njpen.com,0,legitimate,168471,timeout,Exceeded 90s,90.003
http://organisasi.bulungan.go.id/public/0unwzuut4i5kt5wvuxjbbs2jdrcmuvjn,1,phishing,127538,timeout,Exceeded 90s,90.003
http://www.silver.crypto.csgocpu.com,1,phishing,230950,timeout,Exceeded 90s,90.001
https://www.wrapsnet.org,0,legitimate,391,timeout,Exceeded 90s,90.009
https://www.africanhiphop.com,0,legitimate,49873,timeout,Exceeded 90s,90.014
http://43.128.92.128/,1,phishing,70059,timeout,Exceeded 90s,90.005
https://www.michelleknudsen.com,0,legitimate,31525,timeout,Exceeded 90s,90.004
https://appurl.io/opszsyxoh3,1,phishing,44074,timeout,Exceeded 90s,90.006
https://www.fotlinc.com,0,legitimate,64701,timeout,Exceeded 90s,90.001
https://www.intelligen.com,0,legitimate,45125,timeout,Exceeded 90s,90.01
https://mmobxwlple.web.app/,1,phishing,235391,timeout,Exceeded 90s,90.002
https://www.refigura.de,0,legitimate,202398,timeout,Exceeded 90s,90.01
https://attyahoomailteam112.boxmode.io/,1,phishing,89211,timeout,Exceeded 90s,90.006
http://www.junk-bros.com,1,phishing,73878,timeout,Exceeded 90s,90.01
https://www.zuobisijewelry.com,0,legitimate,131176,timeout,Exceeded 90s,90.006
https://www.turismoviajar.com,0,legitimate,80180,timeout,Exceeded 90s,90.007
https://go.ly/mwkyb,1,phishing,198574,timeout,Exceeded 90s,90.013
https://ipfs.best-practice.se/ipfs/bafybeiai3z3i456cn25i7x7laemtf3g5mhd4lomkmypw5vnlquxnv7ti6u,1,phishing,65447,timeout,Exceeded 90s,90.007
https://quip.com/qv7malu8n7cz/you-have-some-messages-pending,1,phishing,215857,timeout,Exceeded 90s,90.003
https://www.marcosimoncellifondazione.it,0,legitimate,171815,timeout,Exceeded 90s,90.008
https://www.retaildive.com,0,legitimate,185827,timeout,Exceeded 90s,90.008
https://acnote009.web.app/,1,phishing,194868,timeout,Exceeded 90s,90.005
https://www.tryhbzoom.com,0,legitimate,205974,timeout,Exceeded 90s,90.015
http://www.zoneck.com,1,phishing,24382,timeout,Exceeded 90s,90.013
http://www.freemanps.com,1,phishing,81717,timeout,Exceeded 90s,90.007
https://storageapi.fleek.co/7fa09544-72de-42d4-976f-3024cde6c69e-bucket/hostconfig4/index.html#orders@kohyo.nl,1,phishing,77031,timeout,Exceeded 90s,90.01
https://www.blockcypher.com,0,legitimate,137423,timeout,Exceeded 90s,90.008
https://www.escpeurope.eu,0,legitimate,32615,timeout,Exceeded 90s,90.004
https://www.immigrationpropertyreport.com,0,legitimate,73908,timeout,Exceeded 90s,90.016
https://www.wbstudiotour.co.uk,0,legitimate,211724,timeout,Exceeded 90s,90.006
https://www.bookreviewsandmore.ca,0,legitimate,660,timeout,Exceeded 90s,90.003
http://www.mecaglobal.com,1,phishing,48905,timeout,Exceeded 90s,90.011
https://www.aolartists.com,0,legitimate,78621,timeout,Exceeded 90s,90.004
https://www.mentalhealth.va.gov,0,legitimate,218381,timeout,Exceeded 90s,90.012
http://www.siamining.com,1,phishing,13445,timeout,Exceeded 90s,90.001
http://www.dilsrl.com,1,phishing,147499,timeout,Exceeded 90s,90.002
http://www.dailypharmajobs.com,1,phishing,61304,timeout,Exceeded 90s,90.004
https://www.echigo-tokimeki.co.jp,0,legitimate,140265,timeout,Exceeded 90s,90.007
https://www.soencouragement.org,0,legitimate,217063,timeout,Exceeded 90s,90.001
http://www.s3.videos.videos.vidto.me,1,phishing,186303,timeout,Exceeded 90s,90.014
https://helpmettacase1000.web.app/,1,phishing,166209,timeout,Exceeded 90s,90.007
http://www.grievingly.com,1,phishing,87065,timeout,Exceeded 90s,90.01
http://www.infinityshop.xyz,1,phishing,199053,timeout,Exceeded 90s,90.011
https://case1005643859565.firebaseapp.com/,1,phishing,221335,timeout,Exceeded 90s,90.001
https://fswposlete.web.app/,1,phishing,158008,timeout,Exceeded 90s,90.004
https://www.acharyanet.com,0,legitimate,14151,timeout,Exceeded 90s,90.007
https://id.address-match.workers.dev/v3/signup,1,phishing,173116,timeout,Exceeded 90s,90.006
https://reconnect-hat-83c1.jbtzw8x2.workers.dev/,1,phishing,25585,timeout,Exceeded 90s,90.011
http://www.gzlbaowq.co,1,phishing,111923,timeout,Exceeded 90s,90.002
http://www.neoexc.com,1,phishing,13298,timeout,Exceeded 90s,90.016
https://www.vgamuseum.info,0,legitimate,152858,timeout,Exceeded 90s,90.001
http://www.abmetalmecanica.com,1,phishing,70911,timeout,Exceeded 90s,90.014
https://www.theeagleonline.com,0,legitimate,182116,timeout,Exceeded 90s,90.0
https://www.lenzfire.com,0,legitimate,126916,timeout,Exceeded 90s,90.009
http://organisasi.bulungan.go.id/public/jcfbkvbsnmxss3tmgf78vmzml8yllex6,1,phishing,119776,timeout,Exceeded 90s,90.001
https://www.janmakundali.com,0,legitimate,71801,timeout,Exceeded 90s,90.013
https://www.theoldcraftstore.com,0,legitimate,32336,timeout,Exceeded 90s,90.009
https://www.black-history-month.co.uk,0,legitimate,79790,timeout,Exceeded 90s,90.014
https://go.ly/moduloit,1,phishing,62159,timeout,Exceeded 90s,90.014
https://help-central-rcvrt5996.start.page/,1,phishing,202625,timeout,Exceeded 90s,90.015
http://urbanpartner.pt/gestao/pages/pagina/,1,phishing,155177,timeout,Exceeded 90s,90.0
https://www.ball.com,0,legitimate,101858,timeout,Exceeded 90s,90.01
https://www.vagrancylifestyle.com,0,legitimate,183084,timeout,Exceeded 90s,90.005
http://p2m.teknikunkris.ac.id/login/sub/main/egrab/,1,phishing,212885,timeout,Exceeded 90s,90.013
https://www.healthcare.com,0,legitimate,232928,timeout,Exceeded 90s,90.012
http://www.v907404f494da2806060528ed50e9a3d71.ws,1,phishing,196246,timeout,Exceeded 90s,90.015
http://www.proxay.co.uk,1,phishing,199309,timeout,Exceeded 90s,90.012
https://deli-neftlix.donefe4329.workers.dev/,1,phishing,223965,timeout,Exceeded 90s,90.016
https://www.morovia.com,0,legitimate,118714,timeout,Exceeded 90s,90.005
https://www.waybinary.com,0,legitimate,62080,timeout,Exceeded 90s,90.004
https://www.jeep.es,0,legitimate,147653,timeout,Exceeded 90s,90.004
http://www.3a1.ru,1,phishing,188126,timeout,Exceeded 90s,90.01
https://www.dancing-times.co.uk,0,legitimate,231168,timeout,Exceeded 90s,90.011
http://www.riskpartner.hr,1,phishing,179235,timeout,Exceeded 90s,90.013
http://www.365bo.cc,1,phishing,59561,timeout,Exceeded 90s,90.002
http://www.paragoncraftevents.com,1,phishing,233451,timeout,Exceeded 90s,90.006
http://thewashington-post.facilidadgozoygloria.com,1,phishing,113577,timeout,Exceeded 90s,90.0
http://www.client.cheater-zone.com,1,phishing,60701,timeout,Exceeded 90s,90.005
https://www.columnists.com,0,legitimate,141395,timeout,Exceeded 90s,90.004
https://www.sacrepublicfc.com,0,legitimate,5836,timeout,Exceeded 90s,90.009
https://www.abbottaerospace.com,0,legitimate,115736,timeout,Exceeded 90s,90.005
http://www.office365-management.com,1,phishing,188091,timeout,Exceeded 90s,90.007
https://www.echa.europa.eu,0,legitimate,27718,timeout,Exceeded 90s,90.013
https://email.notify.thinkific.com/c/ejwnjsukxcaurl8m7hj8j1m46m38rrhetsntoqoghvn6eqrqla5fecp0yhrjvhpidgdgwek0wgatyjs0uokxmsmv4lajsrndge2stuj8j_7ozgd4up_17uyug7y4lz-r-hjbtoq0khgxwvl0qm1ubmbwi928fzrrrqjj5uy9tem8jv4zgudzv88vfmdqu1vg8jvivkahxwymp_vc4e0hfdf4cvyrkwrgdtvditvluuvxmt895fxzyifdtnj98fvplpij1owe7dhf_y0uu9q,1,phishing,81373,timeout,Exceeded 90s,90.014
https://www.roseandlois.com,0,legitimate,153307,timeout,Exceeded 90s,90.004
https://www.3doorsdown.com,0,legitimate,165508,timeout,Exceeded 90s,90.001
https://www.permacultureglobal.org,0,legitimate,59953,timeout,Exceeded 90s,90.01
https://www.aerogen.com,0,legitimate,183875,timeout,Exceeded 90s,90.002
https://gateway.pinata.cloud/ipfs/bafybeiciybgr4yyk73flu2j6nknw4nnlpvapm5ocuz4hloq2l724w42xfa/,1,phishing,131602,timeout,Exceeded 90s,90.008
https://s3.amazonaws.com/appforest_uf/f1673564595892x188635259025309320/view.html,1,phishing,234298,timeout,Exceeded 90s,90.013
https://confirmsaccount.start.page/,1,phishing,185689,timeout,Exceeded 90s,90.012
http://www.troyriser.com,1,phishing,132045,timeout,Exceeded 90s,90.011
https://www.100acress.com,0,legitimate,41544,timeout,Exceeded 90s,90.008
http://serviceorange8.mystrikingly.com/,1,phishing,67697,timeout,Exceeded 90s,90.008
http://www.ftjgoda.ru,1,phishing,130680,timeout,Exceeded 90s,90.008
http://www.mobi-go.in,1,phishing,28554,timeout,Exceeded 90s,90.008
https://www.menloparkmuseum.org,0,legitimate,203957,timeout,Exceeded 90s,90.003
https://www.nicolas-voyant.fr,0,legitimate,148925,timeout,Exceeded 90s,90.012
https://www.campingworld.com,0,legitimate,90564,timeout,Exceeded 90s,90.015
https://outlookcom252.yolasite.com/,1,phishing,130701,timeout,Exceeded 90s,90.008
http://www.estudioenzetti.com,1,phishing,212842,timeout,Exceeded 90s,90.008
https://www.horror-shop.com,0,legitimate,166779,timeout,Exceeded 90s,90.01
http://www.visitpietroburgo.com/captured/,1,phishing,103361,timeout,Exceeded 90s,90.008
https://www.footlockercc.com,0,legitimate,200837,timeout,Exceeded 90s,90.004
https://eq.pe/55asyc,1,phishing,49392,timeout,Exceeded 90s,90.006
https://www.centos.org,0,legitimate,138348,timeout,Exceeded 90s,90.007
https://www.hashtagsgenerator.net,0,legitimate,22527,timeout,Exceeded 90s,90.013
https://www.squashplayer.co.uk,0,legitimate,224116,timeout,Exceeded 90s,90.007
http://www.red-stoneses.com,1,phishing,122629,timeout,Exceeded 90s,90.015
https://www.jagoroniya.com,0,legitimate,57819,timeout,Exceeded 90s,90.008
http://www.nwdnydxxxeo.hosthampster.com,1,phishing,29043,timeout,Exceeded 90s,90.015
https://bppstceles.web.app/,1,phishing,154197,timeout,Exceeded 90s,90.015
http://www.naturparke-ooe.at,1,phishing,115808,timeout,Exceeded 90s,90.005
https://www.realtimetrains.co.uk,0,legitimate,67473,timeout,Exceeded 90s,90.005
https://desktopview-contract120.on.fleek.co/,1,phishing,20774,timeout,Exceeded 90s,90.013
https://www.designerallboards.com.au,0,legitimate,55827,timeout,Exceeded 90s,90.006
http://www.ravenlewis.com,1,phishing,121630,timeout,Exceeded 90s,90.005
https://newmailview.boxmode.io/,1,phishing,141856,timeout,Exceeded 90s,90.005
http://www.siamimplement.co.th,1,phishing,181207,timeout,Exceeded 90s,90.003
https://www.filmandmedia.ucsb.edu,0,legitimate,91323,timeout,Exceeded 90s,90.011
https://www.medico-consulting.jp,0,legitimate,198135,timeout,Exceeded 90s,90.013
http://www.cecambrils.cat,1,phishing,114318,timeout,Exceeded 90s,90.014
https://bnchncecat.firebaseapp.com/,1,phishing,133597,timeout,Exceeded 90s,90.014
https://baseuntechrun.web.app/,1,phishing,181381,timeout,Exceeded 90s,90.002
https://www.grabbarspecialists.com,0,legitimate,94068,timeout,Exceeded 90s,90.001
https://www.namastetourism.com,0,legitimate,45674,timeout,Exceeded 90s,90.002
https://storageapi-stg.fleek.co/240a0421-0672-4e11-b28a-3dd03d0e8c0d-bucket/jeff4/index%20(2).html,1,phishing,227066,timeout,Exceeded 90s,90.011
http://www.luckyvertical.com,1,phishing,226743,timeout,Exceeded 90s,90.015
http://www.uclick.in,1,phishing,116892,timeout,Exceeded 90s,90.009
https://www.izumipb.co.jp,0,legitimate,32342,timeout,Exceeded 90s,90.001
https://www.hortus.com.pe,0,legitimate,11200,timeout,Exceeded 90s,90.009
https://www.hookedonphonics.com,0,legitimate,140475,timeout,Exceeded 90s,90.008
http://www.goldencanaries.com,1,phishing,137857,timeout,Exceeded 90s,90.013
https://www.usjlp.org,0,legitimate,107155,timeout,Exceeded 90s,90.013
https://www.teamiblends.com,0,legitimate,222523,timeout,Exceeded 90s,90.002
https://www.wgnsradio.com,0,legitimate,98292,timeout,Exceeded 90s,90.007
https://sociallenderv5alpha.bincom.net/portal/,1,phishing,185778,timeout,Exceeded 90s,90.002
https://www.macmillandictionaryblog.com,0,legitimate,12439,timeout,Exceeded 90s,90.0
https://www.etam.com,0,legitimate,59032,timeout,Exceeded 90s,90.007
https://www.upexpress.com,0,legitimate,152940,timeout,Exceeded 90s,90.013
https://nutsfactory.de/akt/tkv/2.html,1,phishing,159323,timeout,Exceeded 90s,90.015
http://www.anber.com,1,phishing,90091,timeout,Exceeded 90s,90.002
https://www.grandricci.org,0,legitimate,168570,timeout,Exceeded 90s,90.01
http://www.omas.in,1,phishing,113107,timeout,Exceeded 90s,90.014
https://www.thereelplace.com,0,legitimate,201868,timeout,Exceeded 90s,90.012
https://www.nstasubs.org,0,legitimate,17849,timeout,Exceeded 90s,90.015
https://www.sciarc.edu,0,legitimate,153941,timeout,Exceeded 90s,90.01
http://anandsr-dev.github.io/facebookclone/,1,phishing,62446,timeout,Exceeded 90s,90.009
http://www.unfj.cannca.shop,1,phishing,148140,timeout,Exceeded 90s,90.01
https://mattachinetickets-1317634057.cos.ap-jakarta.myqcloud.com/mattachinetickets.html,1,phishing,188516,timeout,Exceeded 90s,90.01
https://www.idealhomeshow.co.uk,0,legitimate,23583,timeout,Exceeded 90s,90.009
http://www.update.softupdate-online.top,1,phishing,54984,timeout,Exceeded 90s,90.009
https://www.topkote.com,0,legitimate,47760,timeout,Exceeded 90s,90.013
https://www.iarpa.gov,0,legitimate,123264,timeout,Exceeded 90s,90.004
http://www.liifff.fburl.fun,1,phishing,20549,timeout,Exceeded 90s,90.007
https://www.moolihai.com,0,legitimate,74997,timeout,Exceeded 90s,90.004
http://www.zethla.com,1,phishing,55894,timeout,Exceeded 90s,90.008
https://www.innertemple.org.uk,0,legitimate,146946,timeout,Exceeded 90s,90.008
https://www.jenstark.com,0,legitimate,1149,timeout,Exceeded 90s,90.006
https://www.commercial-industrial-supply.com,0,legitimate,109361,timeout,Exceeded 90s,90.002
https://www.esginvestor.net,0,legitimate,105056,timeout,Exceeded 90s,90.012
https://www.cgisf.gov.in,0,legitimate,154486,timeout,Exceeded 90s,90.001
https://www.daniabeachfl.gov,0,legitimate,123764,timeout,Exceeded 90s,90.007
https://www.bdc.de,0,legitimate,230455,timeout,Exceeded 90s,90.004
https://www.krdotv.com,0,legitimate,142944,timeout,Exceeded 90s,90.009
http://www.rjmdesign.ca,1,phishing,99144,timeout,Exceeded 90s,90.006
https://www.empath.net,0,legitimate,223218,timeout,Exceeded 90s,90.013
http://www.ere.me,1,phishing,218940,timeout,Exceeded 90s,90.001
http://www.bhgurjk.cannca.shop,1,phishing,173264,timeout,Exceeded 90s,90.011
https://www.theacnelie.com,0,legitimate,18084,timeout,Exceeded 90s,90.002
https://www.hpms.com,0,legitimate,217379,timeout,Exceeded 90s,90.014
https://www.cmport.com,0,legitimate,116204,timeout,Exceeded 90s,90.001
https://b4e921f0.sso-mailsrvr-4344e5teed.pages.dev/?user=abuse@example.com,1,phishing,130712,timeout,Exceeded 90s,90.005
https://www.notorm.com,0,legitimate,22862,timeout,Exceeded 90s,90.001
http://www.chpopesco.com,1,phishing,122503,timeout,Exceeded 90s,90.006
https://maxlityu.firebaseapp.com/,1,phishing,154669,timeout,Exceeded 90s,90.014
https://sunnylandingpages.com/usroutput/themeset1_2022-07-24-22-49-15,1,phishing,12502,timeout,Exceeded 90s,90.011
https://www.dicegamedepot.com,0,legitimate,99237,timeout,Exceeded 90s,90.006
https://www.dokufunk.org,0,legitimate,139720,timeout,Exceeded 90s,90.004
https://www.anewspring.com,0,legitimate,199982,timeout,Exceeded 90s,90.016
http://karwa.apk.dog,1,phishing,163018,timeout,Exceeded 90s,90.006
http://www.digi-plates.com,1,phishing,232704,timeout,Exceeded 90s,90.009
https://www.groupe-rondy.com,0,legitimate,117609,timeout,Exceeded 90s,90.006
https://www.jarsofclay.com,0,legitimate,44824,timeout,Exceeded 90s,90.008
https://www.alestlelive.com,0,legitimate,66525,timeout,Exceeded 90s,90.011
http://www.luzzeri.com,1,phishing,105776,timeout,Exceeded 90s,90.01
http://www.hackquest.com,1,phishing,18533,timeout,Exceeded 90s,90.001
https://www.bingoport.co.uk,0,legitimate,180935,timeout,Exceeded 90s,90.013
https://www.uworld.com,0,legitimate,161510,timeout,Exceeded 90s,90.007
https://www.shelter-kit.com,0,legitimate,75621,timeout,Exceeded 90s,90.013
https://gateway.pinata.cloud/ipfs/bafybeiajq2hbwg7ra5q3j6f4edt7twynl7ogtxqant4x32vhmm4allldju,1,phishing,122470,timeout,Exceeded 90s,90.001
https://myworkspaced58c7.myclickfunnels.com/suisspost,1,phishing,73357,timeout,Exceeded 90s,90.009
https://www.tdargument.ru/chemise-joseph-bleu-0133009x/,1,phishing,220591,timeout,Exceeded 90s,90.015
https://www.versiti.org,0,legitimate,182335,timeout,Exceeded 90s,90.002
https://still-mode-ffd8.haxet304927168.workers.dev/,1,phishing,93128,timeout,Exceeded 90s,90.016
https://www.siamdrink.com,0,legitimate,56473,timeout,Exceeded 90s,90.013
https://www.advantageccs.org,0,legitimate,230434,timeout,Exceeded 90s,90.0
http://www.zernina.com.ua,1,phishing,70140,timeout,Exceeded 90s,90.009
https://www.xpressengine.com,0,legitimate,101674,timeout,Exceeded 90s,90.007
https://www.kunstverein.de,0,legitimate,149489,timeout,Exceeded 90s,90.015
https://www.voxxi.com,0,legitimate,225421,timeout,Exceeded 90s,90.005
https://www.tiriaccollection.ro,0,legitimate,163006,timeout,Exceeded 90s,90.007
http://www.libreentreprisemagazine.com,1,phishing,140133,timeout,Exceeded 90s,90.012
https://www.florida-girl.com,0,legitimate,217930,timeout,Exceeded 90s,90.0
https://www.mailpile.is,0,legitimate,103388,timeout,Exceeded 90s,90.015
https://www.kubomedia.sk,0,legitimate,5588,timeout,Exceeded 90s,90.006
http://www.recover.cannca.shop,1,phishing,156087,timeout,Exceeded 90s,90.006
http://emailing.edicom.fr/modules/mod_simplefileuploadv1.3/elements/org/bank-of-america-rd1460-custom-user-code-detail,1,phishing,218732,timeout,Exceeded 90s,90.006
https://www.bpitch.de,0,legitimate,83357,timeout,Exceeded 90s,90.0
https://www.fenomen-games.com,0,legitimate,95242,timeout,Exceeded 90s,90.005
https://www.mcqdb.com,0,legitimate,198765,timeout,Exceeded 90s,90.005
https://www.moumn.org,0,legitimate,150379,timeout,Exceeded 90s,90.005
https://www.hawaiiweblog.com,0,legitimate,150062,timeout,Exceeded 90s,90.007
https://track-id38901.web.app/,1,phishing,95266,timeout,Exceeded 90s,90.009
https://www.cityrecitalhall.com,0,legitimate,115125,timeout,Exceeded 90s,90.01
http://www.rash.net,1,phishing,233084,timeout,Exceeded 90s,90.015
http://www.proxyfree.org,1,phishing,195404,timeout,Exceeded 90s,90.004
http://www.strandtogether.com,1,phishing,137188,timeout,Exceeded 90s,90.002
https://www.xirvik.com,0,legitimate,225658,timeout,Exceeded 90s,90.007
http://www.cedacventures.com,1,phishing,172314,timeout,Exceeded 90s,90.011
http://www.lxsecurity.com,1,phishing,188289,timeout,Exceeded 90s,90.013
https://www.statewidefood.com.au,0,legitimate,190384,timeout,Exceeded 90s,90.015
https://fdsfergnm.serveuser.com/,1,phishing,214557,timeout,Exceeded 90s,90.003
http://www.activities-recovery-options.info,1,phishing,130375,timeout,Exceeded 90s,90.004
http://glveaways-ethereums-metamasks-io.is-best.net,1,phishing,171350,timeout,Exceeded 90s,90.003
https://www.posteurop.org,0,legitimate,183919,timeout,Exceeded 90s,90.006
https://afrihut.net/cargandopgy/index.html,1,phishing,186707,timeout,Exceeded 90s,90.012
https://www.strato.co.jp,0,legitimate,108233,timeout,Exceeded 90s,90.008
https://www.woolworthsrewards.com.au,0,legitimate,131464,timeout,Exceeded 90s,90.003
https://www.the33rdteam.com,0,legitimate,230198,timeout,Exceeded 90s,90.01
http://www.im-internet.eu,1,phishing,233876,timeout,Exceeded 90s,90.005
https://wandering-firefly-8df2.tql35vg01086.workers.dev/,1,phishing,148550,timeout,Exceeded 90s,90.015
http://hg44788.com/,1,phishing,134851,timeout,Exceeded 90s,90.013
http://www.vintrsi.com,1,phishing,64894,timeout,Exceeded 90s,90.0
https://www.alchimiaweb.com,0,legitimate,99091,timeout,Exceeded 90s,90.005
https://www.aimia.com,0,legitimate,78898,timeout,Exceeded 90s,90.003
http://www.ecuadorminingnews.com,1,phishing,38017,timeout,Exceeded 90s,90.013
https://demo2.cloudwp.dev/trial-44974558/es/correos/,1,phishing,121699,timeout,Exceeded 90s,90.002
http://www.abgeblasen.de,1,phishing,169295,timeout,Exceeded 90s,90.002
https://www.partypoker.com,0,legitimate,64576,timeout,Exceeded 90s,90.015
https://pri896users.boxmode.io/,1,phishing,75658,timeout,Exceeded 90s,90.015
https://www.vinnieandjune.com,0,legitimate,198472,timeout,Exceeded 90s,90.003
http://www.gud2abhu1nc0.help-naver.com,1,phishing,216856,timeout,Exceeded 90s,90.014
https://www.martinerhof.at,0,legitimate,148911,timeout,Exceeded 90s,90.01
http://www.xn--28-vlc2ak.xn--p1ai,1,phishing,231244,timeout,Exceeded 90s,90.006
https://www.politie.nl,0,legitimate,211565,timeout,Exceeded 90s,90.013
https://www.brendadalton.com,0,legitimate,208323,timeout,Exceeded 90s,90.005
http://www.hg0888.com,1,phishing,166015,timeout,Exceeded 90s,90.006
https://www.fanacci.com,0,legitimate,66086,timeout,Exceeded 90s,90.008
http://www.kongxincai.welco.live,1,phishing,161415,timeout,Exceeded 90s,90.014
https://bcrseguridadpersonas.jimdosite.com/,1,phishing,136257,timeout,Exceeded 90s,90.002
http://www.esel.in,1,phishing,42002,timeout,Exceeded 90s,90.007
http://www.bjxzalpc.ru,1,phishing,15463,timeout,Exceeded 90s,90.005
https://www.calbee.co.jp,0,legitimate,14566,timeout,Exceeded 90s,90.011
http://apr-rap-rai.liveblog365.com/,1,phishing,120181,timeout,Exceeded 90s,90.006
http://www.cubeandwater.com,1,phishing,179681,timeout,Exceeded 90s,90.0
https://storageapi.fleek.co/23d3311a-092c-458d-9036-dc2f1cb29832-bucket/ov/nov.html,1,phishing,68229,timeout,Exceeded 90s,90.001
https://www.rezerection.net,0,legitimate,54260,timeout,Exceeded 90s,90.006
https://www.netslova.ru,0,legitimate,177116,timeout,Exceeded 90s,90.014
https://www.portlandlibrary.com,0,legitimate,44524,timeout,Exceeded 90s,90.0
http://www.gamebooster.pro,1,phishing,6059,timeout,Exceeded 90s,90.008
http://www.namchuncheon.co.kr,1,phishing,52662,timeout,Exceeded 90s,90.007
https://www.prodevestate.com,1,phishing,217129,timeout,Exceeded 90s,90.014
https://citizensgvx488.web.app/,1,phishing,133377,timeout,Exceeded 90s,90.001
https://www.norfolk.police.uk,0,legitimate,117267,timeout,Exceeded 90s,90.006
https://www.shivpreetsingh.com,0,legitimate,158389,timeout,Exceeded 90s,90.01
https://s3.amazonaws.com/appforest_uf/f1678915477077x242624393136058100/bine.html?email,1,phishing,51062,timeout,Exceeded 90s,90.013
https://www.okyou.com.vn,0,legitimate,173213,timeout,Exceeded 90s,90.001
http://s.id/accessobperbancaweb,1,phishing,66684,timeout,Exceeded 90s,90.014
https://facebookcenter1001932473852.web.app/,1,phishing,155988,timeout,Exceeded 90s,90.003
http://www.sldrelief.org,1,phishing,79177,timeout,Exceeded 90s,90.007
https://www.fijifootball.com.fj,0,legitimate,159554,timeout,Exceeded 90s,90.007
http://www.ehzariye.sana.freehost.io,1,phishing,94489,timeout,Exceeded 90s,90.01
http://www.justremortgage.com,1,phishing,113523,timeout,Exceeded 90s,90.004
http://www.nataliebakery.ca,1,phishing,13622,timeout,Exceeded 90s,90.002
http://www.parisyoungerfashion.com,1,phishing,230742,timeout,Exceeded 90s,90.001
https://www.stor.supply,0,legitimate,13136,timeout,Exceeded 90s,90.008
https://shoppy.gg/product/h5zibdt,1,phishing,131367,timeout,Exceeded 90s,90.014
http://rascalsnft.web.app,1,phishing,153266,timeout,Exceeded 90s,90.005
http://philsteelframing.com.ph/galigali/index.html,1,phishing,94125,timeout,Exceeded 90s,90.015
http://www.play2win.buzz,1,phishing,126659,timeout,Exceeded 90s,90.009
https://www.amkette.com,0,legitimate,113072,timeout,Exceeded 90s,90.012
http://www.checkersontor.com/jp,1,phishing,173870,timeout,Exceeded 90s,90.004
http://www.swimmingearnoil.com,1,phishing,16185,timeout,Exceeded 90s,90.011
https://s3.amazonaws.com/appforest_uf/f1678686499565x131876416197529650/index.html#redacted@abuse.ionos.com,1,phishing,179239,timeout,Exceeded 90s,90.011
https://www.telcodata.us,0,legitimate,32636,timeout,Exceeded 90s,90.008
https://www.gillespieflorists.com,0,legitimate,14178,timeout,Exceeded 90s,90.0
https://www.anewlife.ca,0,legitimate,69470,timeout,Exceeded 90s,90.005
https://www.hornet.org,0,legitimate,31114,timeout,Exceeded 90s,90.007
https://www.yournewtyres.co.uk,0,legitimate,25087,timeout,Exceeded 90s,90.005
https://metaforsupport.com/business=4958203945274524/?step=1,1,phishing,46516,timeout,Exceeded 90s,90.01
https://www.flaglermuseum.us,0,legitimate,121735,timeout,Exceeded 90s,90.003
https://www.moaliberia.org,0,legitimate,7690,timeout,Exceeded 90s,90.005
https://www.rrca.org,0,legitimate,225829,timeout,Exceeded 90s,90.007
https://www.inter-lux.com,0,legitimate,134356,timeout,Exceeded 90s,90.007
http://www.micrototanely-transoculoty-overixemency.com,1,phishing,64515,timeout,Exceeded 90s,90.01
https://www.dynamicsounds.co.uk,0,legitimate,235251,timeout,Exceeded 90s,90.012
https://solitary-thunder-4872.9v7c3iwe.workers.dev/,1,phishing,84407,timeout,Exceeded 90s,90.015
http://www.h4ck.com,1,phishing,18901,timeout,Exceeded 90s,90.011
https://www.phg.org,0,legitimate,80518,timeout,Exceeded 90s,90.004
http://www.feeneylaminate.com,1,phishing,78069,timeout,Exceeded 90s,90.013
https://postledses.firebaseapp.com/,1,phishing,130706,timeout,Exceeded 90s,90.015
https://www.readingaustralia.com.au,0,legitimate,193711,timeout,Exceeded 90s,90.005
http://www.updatefileservercross.com,1,phishing,204723,timeout,Exceeded 90s,90.009
http://www.yourphoneboost.com,1,phishing,117377,timeout,Exceeded 90s,90.0
https://www.bakeryonline.com,0,legitimate,30076,timeout,Exceeded 90s,90.003
http://www.disorderstatus.ru,1,phishing,76765,timeout,Exceeded 90s,90.01
http://www.h677e1657163cc02d04fee821d16f9719f.ws,1,phishing,130295,timeout,Exceeded 90s,90.006
https://www.bankid.com,0,legitimate,91750,timeout,Exceeded 90s,90.001
http://www.wisheshub.com,1,phishing,7816,timeout,Exceeded 90s,90.013
http://www.gigup.pl,1,phishing,143057,timeout,Exceeded 90s,90.015
http://www.swift-fraud.com,1,phishing,76410,timeout,Exceeded 90s,90.008
https://www.lawinfochina.com,0,legitimate,233006,timeout,Exceeded 90s,90.008
https://www.hockey-fans.com,0,legitimate,117894,timeout,Exceeded 90s,90.008
https://www.glassslipperboutique.net,0,legitimate,141686,timeout,Exceeded 90s,90.001
http://validar-usuario.atsnx.com/ldsss1.html,1,phishing,205585,timeout,Exceeded 90s,90.015
https://opsafjk.mrbonus.com/,1,phishing,226148,timeout,Exceeded 90s,90.001
http://www.laurenmims.com,1,phishing,39285,timeout,Exceeded 90s,90.012
http://www.windsystem.hu,1,phishing,118986,timeout,Exceeded 90s,90.0
https://www.paperblog.fr,0,legitimate,95997,timeout,Exceeded 90s,90.003
https://www.marshviewcottage.co.uk,0,legitimate,61937,timeout,Exceeded 90s,90.002
http://www.johndivine.com,1,phishing,16899,timeout,Exceeded 90s,90.014
http://www.visiondesigns.ca,1,phishing,74826,timeout,Exceeded 90s,90.01
https://trade-86454g.start.page/,1,phishing,82077,timeout,Exceeded 90s,90.015
https://replug.link/77a4fcc0,1,phishing,107280,timeout,Exceeded 90s,90.008
https://www.nwrfca.org.uk,0,legitimate,165260,timeout,Exceeded 90s,90.008
http://www.methilinfotech.com,1,phishing,169982,timeout,Exceeded 90s,90.008
http://missmooutstandingteen.org.usrfiles.com/html/ffd2d7_b72fe3e8bf2c0076bb2a29ead8e30801.html,1,phishing,158603,timeout,Exceeded 90s,90.003
https://www.kohlberg.com,0,legitimate,197244,timeout,Exceeded 90s,90.009
https://www.wolfgangdigital.com,0,legitimate,97877,timeout,Exceeded 90s,90.001
https://proj-ac6e2.firebaseapp.com/,1,phishing,189509,timeout,Exceeded 90s,90.01
http://www.colfincas.com,1,phishing,8658,timeout,Exceeded 90s,90.01
https://www.theagamestudio.com,0,legitimate,159910,timeout,Exceeded 90s,90.015
https://www.fitzroviachapel.org,0,legitimate,44526,timeout,Exceeded 90s,90.002
http://www.akoagro.com,1,phishing,104037,timeout,Exceeded 90s,90.005
http://www.allemal.de,1,phishing,65722,timeout,Exceeded 90s,90.013
https://www.payprotocol.io,0,legitimate,118275,timeout,Exceeded 90s,90.006
https://www.abg-info.de,0,legitimate,228789,timeout,Exceeded 90s,90.011
http://www.lepakzaparket.com,1,phishing,217473,timeout,Exceeded 90s,90.014
https://www.immortalperformances.org,0,legitimate,164809,timeout,Exceeded 90s,90.014
https://www.aewa.org,0,legitimate,128853,timeout,Exceeded 90s,90.005
http://www.ipabogados.cl,1,phishing,69143,timeout,Exceeded 90s,90.008
http://www.iipl.in,1,phishing,26522,timeout,Exceeded 90s,90.011
http://www.j05203ff6e190f5b73188787c38d3f17ff.ws,1,phishing,26623,timeout,Exceeded 90s,90.007
http://www.kproxy.asia,1,phishing,88427,timeout,Exceeded 90s,90.014
https://www.kroatienspecialisten.se,0,legitimate,29261,timeout,Exceeded 90s,90.012
http://www.retmodul.com,1,phishing,126935,timeout,Exceeded 90s,90.003
https://www.snezkalanovka.cz,0,legitimate,192731,timeout,Exceeded 90s,90.015
https://www.manitoucandleco.com,0,legitimate,75408,timeout,Exceeded 90s,90.0
https://www.anfix.com,0,legitimate,60565,timeout,Exceeded 90s,90.012
http://www.agricampeggiocortecomotto.it,1,phishing,93639,timeout,Exceeded 90s,90.01
http://www.carnesychefs.com,1,phishing,173554,timeout,Exceeded 90s,90.014
https://www.fmcsa.dot.gov,0,legitimate,219245,timeout,Exceeded 90s,90.006
http://www.sitecker.cannca.shop,1,phishing,133776,timeout,Exceeded 90s,90.01
http://www.zzamway.com.cn,1,phishing,156165,timeout,Exceeded 90s,90.004
https://www.baronfunds.com,0,legitimate,182767,timeout,Exceeded 90s,90.005
http://www.novashr.com,1,phishing,192884,timeout,Exceeded 90s,90.015
http://www.308888.com,1,phishing,100395,timeout,Exceeded 90s,90.005
https://www.folkstreams.net,0,legitimate,136544,timeout,Exceeded 90s,90.0
http://www.8005566.com,1,phishing,137412,timeout,Exceeded 90s,90.011
https://elite-ladies-here.life/?u=5tlkgeu&amp;o=gqfpqzm&amp;m=1&amp;t=th_ppp11,1,phishing,63504,timeout,Exceeded 90s,90.01
https://pxlme.me/cmxgnizg,1,phishing,68194,timeout,Exceeded 90s,90.003
https://www.covenantlx.com,0,legitimate,227940,timeout,Exceeded 90s,90.014
http://www.emtelakproperties.com,1,phishing,29302,timeout,Exceeded 90s,90.009
http://www.dyndns.com,1,phishing,124140,timeout,Exceeded 90s,90.015
https://www.dirceuresende.com,0,legitimate,66928,timeout,Exceeded 90s,90.007
https://track-id8982.firebaseapp.com/,1,phishing,38940,timeout,Exceeded 90s,90.002
http://www.ws002-proxy-ajcryptominer.ajplugins.com,1,phishing,122596,timeout,Exceeded 90s,90.012
https://delicate-sound-0736.on.fleek.co/?alt=media&amp;token=1b81a229-bd05-40e1-b6ff-cc50f3b500d3&amp;pmetigiey9h7ksjcpyqcw0lnwbjmoa1zv3st26zlufndbvrho5=yilnjuvjpqxdk5q43x7omlcdga6uujshqwzq7cm3ts4ngxae1hjvne6piakcft2vdoe9tlwbytihn52s1bfbrbyprevforfuzwkx&amp;email=bea@yachtcallisto.com&amp;tncjzroyxijeh5vd2gqdwkh9qrs6djifhuvza0mgsa6etriusznybdspbpr1apbmx31xl8kvqin4gw5emcoookv7lfzptjyflwux,1,phishing,44786,timeout,Exceeded 90s,90.006
https://www.hard-core-dx.com,0,legitimate,80827,timeout,Exceeded 90s,90.016
http://www.huisserver.com,1,phishing,25590,timeout,Exceeded 90s,90.015
https://www.bravoconcealment.com,0,legitimate,202408,timeout,Exceeded 90s,90.009
https://www.mrm.org,0,legitimate,130975,timeout,Exceeded 90s,90.0
https://www.kristincoffin.com,0,legitimate,32341,timeout,Exceeded 90s,90.004
https://www.mysalonsuite.com,0,legitimate,222499,timeout,Exceeded 90s,90.009
https://www.ilri.org,0,legitimate,95962,timeout,Exceeded 90s,90.015
http://www.archryazan.ru,1,phishing,67979,timeout,Exceeded 90s,90.0
https://www.stuff.tv,0,legitimate,202002,timeout,Exceeded 90s,90.015
https://www.sil.no,0,legitimate,23979,timeout,Exceeded 90s,90.014
https://www.fairviewhomeimp.com,0,legitimate,129067,timeout,Exceeded 90s,90.009
https://www.doomworld.com,0,legitimate,42603,timeout,Exceeded 90s,90.008
https://www.sds-org.rs,0,legitimate,77353,timeout,Exceeded 90s,90.012
https://orange-wave-774e.efxxiq1y.workers.dev/,1,phishing,72208,timeout,Exceeded 90s,90.014
http://www.myetherwallet.com,1,phishing,131008,timeout,Exceeded 90s,90.009
https://banco-de-los-dominicanos.jimdosite.com,1,phishing,196206,timeout,Exceeded 90s,90.007
https://www.goldentamilcinema.net,0,legitimate,174496,timeout,Exceeded 90s,90.012
https://www.fromyoutome.com,0,legitimate,197015,timeout,Exceeded 90s,90.007
https://www.help.ch,0,legitimate,49092,timeout,Exceeded 90s,90.005
https://www.coppelltx.gov,0,legitimate,90920,timeout,Exceeded 90s,90.008
https://www.rickriordan.co.uk,0,legitimate,144069,timeout,Exceeded 90s,90.003
https://ipfs.litnet.work/ipfs/bafybeidggkmgyk4n37jvqs7dzgu5o7aayrdm66vd2sym6bufx37ezctr3i,1,phishing,202172,timeout,Exceeded 90s,90.014
http://www.app.clubdedocentes.com,1,phishing,100224,timeout,Exceeded 90s,90.01
https://www.slcusd.org,0,legitimate,52264,timeout,Exceeded 90s,90.013
https://www.windowstotheheart.net,0,legitimate,52285,timeout,Exceeded 90s,90.002
http://www.eprstbla.zzz.com.ua,1,phishing,203658,timeout,Exceeded 90s,90.006
https://www.kamakoti.org,0,legitimate,217117,timeout,Exceeded 90s,90.008
http://www.ozo.microintegratedservice.com,1,phishing,114413,timeout,Exceeded 90s,90.012
http://www.sonoco.blackcmd.com,1,phishing,205249,timeout,Exceeded 90s,90.01
https://www.beaconlight.co.uk,0,legitimate,31717,timeout,Exceeded 90s,90.014
https://storageapi.fleek.co/ef692558-db56-4b63-89e6-ebb8162f59f2-bucket/approver5/approver-email.html#xx@xx.com,1,phishing,131945,timeout,Exceeded 90s,90.013
http://www.player1532.com,1,phishing,184040,timeout,Exceeded 90s,90.004
https://www.infomusic.ro,0,legitimate,217630,timeout,Exceeded 90s,90.014
https://www.lt.se,0,legitimate,65998,timeout,Exceeded 90s,90.007
http://www.leadphysio.com,1,phishing,170194,timeout,Exceeded 90s,90.001
http://synspad.web.app,1,phishing,170408,timeout,Exceeded 90s,90.004
http://www.camilastexmex.com,1,phishing,8198,timeout,Exceeded 90s,90.014
https://domappcheckomeg32.firebaseapp.com/,1,phishing,52489,timeout,Exceeded 90s,90.004
https://www.rgsd.k12.mo.us,0,legitimate,57866,timeout,Exceeded 90s,90.007
http://www.megatrussglobal.co.id,1,phishing,175135,timeout,Exceeded 90s,90.003
http://www.14gjm.xyz,1,phishing,2288,timeout,Exceeded 90s,90.011
https://express.adobe.com/page/uhbgv5fxuxgws/,1,phishing,231467,timeout,Exceeded 90s,90.014
https://pichicheoashe.webcindario.com/,1,phishing,113728,timeout,Exceeded 90s,90.014
https://www.afw.com,0,legitimate,110032,timeout,Exceeded 90s,90.001
http://www.osakado.org,1,phishing,158931,timeout,Exceeded 90s,90.015
http://www.wellfedintelligence.com,1,phishing,147027,timeout,Exceeded 90s,90.015
https://www.thesilverlining.com,0,legitimate,205913,timeout,Exceeded 90s,90.0
http://www.katsuyadaisuko.com,1,phishing,207488,timeout,Exceeded 90s,90.006
https://storageapi.fleek.one/3035bc5f-54b9-4054-9aa6-a797614d5047-bucket/mmmm.html,1,phishing,44920,timeout,Exceeded 90s,90.005
http://www.timotheus.ua,1,phishing,107694,timeout,Exceeded 90s,90.001
https://www.nationalcouncilofchurches.us,0,legitimate,195466,timeout,Exceeded 90s,90.013
https://www.mortgagenewsdaily.com,0,legitimate,195487,timeout,Exceeded 90s,90.005
http://www.mkbnmg.fburl.fun,1,phishing,123703,timeout,Exceeded 90s,90.014
https://www.quentinsf.com,0,legitimate,204033,timeout,Exceeded 90s,90.001
https://www.melk.no,0,legitimate,72475,timeout,Exceeded 90s,90.011
http://www.yoko-by.com,1,phishing,133856,timeout,Exceeded 90s,90.015
http://www.liyuemachinery.com,1,phishing,216785,timeout,Exceeded 90s,90.001
https://docs.revv.so/m/untitled-document-o28gu6elt2ld53g,1,phishing,5684,timeout,Exceeded 90s,90.007
https://www.vosbein.com,0,legitimate,140408,timeout,Exceeded 90s,90.002
https://storageapi-stg.fleek.co/09e4262f-8563-42c8-80d1-7811834da5e7-bucket/rr.html,1,phishing,25165,timeout,Exceeded 90s,90.007
http://www.shopandtravelusa.com,1,phishing,119572,timeout,Exceeded 90s,90.007
http://www.theclubgym.in,1,phishing,123593,timeout,Exceeded 90s,90.015
https://ipfs.litnet.work/ipfs/bafkreidt23k4wh663zysx7zobwl6dnfhkah7ecgv7wblyuxtqsamol2vry/one-drive.html,1,phishing,166411,timeout,Exceeded 90s,90.008
https://www.confero.co.uk,0,legitimate,54329,timeout,Exceeded 90s,90.014
https://www.elections.sk.ca,0,legitimate,29337,timeout,Exceeded 90s,90.014
https://organisasi.bulungan.go.id/public/pmmitpsatuijiydw6h0zhkwrhsk7b77h,1,phishing,69986,timeout,Exceeded 90s,90.007
https://www.debonogroup.com,0,legitimate,113701,timeout,Exceeded 90s,90.013
https://ipfs.litnet.work/ipfs/bafybeifu2lxnvdgozeaeh56jri3y45hq34w4n7p6rsttjovypztneumzja,1,phishing,78974,timeout,Exceeded 90s,90.013
https://priyankasandokar1606.github.io/,1,phishing,106829,timeout,Exceeded 90s,90.005
https://ailuna.co.uk/wjn5oo0/cache/eralredit-3v15drbutf3vrmb.htm,1,phishing,30913,timeout,Exceeded 90s,90.001
https://small-sunset-1fe5.nbppmxtqase9819.workers.dev/,1,phishing,77792,timeout,Exceeded 90s,90.003
http://www.nozonenet.com,1,phishing,36726,timeout,Exceeded 90s,90.014
https://vekosystems-ug.ru/fab/webmail-portal-rd337/index.html,1,phishing,188900,timeout,Exceeded 90s,90.003
https://www.chemeketa.edu,0,legitimate,70738,timeout,Exceeded 90s,90.013
http://www.yuk.su,1,phishing,26889,timeout,Exceeded 90s,90.011
http://www.yvnc.com,1,phishing,46248,timeout,Exceeded 90s,90.011
https://www.lookboxliving.com.sg,0,legitimate,8551,timeout,Exceeded 90s,90.014
http://www.tour.kz,1,phishing,167311,timeout,Exceeded 90s,90.006
https://s3.amazonaws.com/appforest_uf/f1676908862804x462664496556773000/docusigninfo.html,1,phishing,169930,timeout,Exceeded 90s,90.012
http://www.teamincbenefits.com,1,phishing,30302,timeout,Exceeded 90s,90.01
http://www.vdscloud.net,1,phishing,91941,timeout,Exceeded 90s,90.014
http://www.askdrthomas.com,1,phishing,87536,timeout,Exceeded 90s,90.007
https://www.jkdoors.co.uk,0,legitimate,101784,timeout,Exceeded 90s,90.012
https://andreatherealtor.com/remittancedubais/smgzeee/,1,phishing,100446,timeout,Exceeded 90s,90.008
http://www.newsupdates.org,1,phishing,106044,timeout,Exceeded 90s,90.006
http://www.soundcloud.fun,1,phishing,13359,timeout,Exceeded 90s,90.004
http://www.fhjlgfj.cannca.shop,1,phishing,208214,timeout,Exceeded 90s,90.015
http://www.evosp.com.br,1,phishing,10390,timeout,Exceeded 90s,90.015
https://www.pixelstech.net,0,legitimate,117630,timeout,Exceeded 90s,90.005
https://nedbankqa.flowblocks.com/,1,phishing,194998,timeout,Exceeded 90s,90.009
http://www.gulf-builders.com,1,phishing,90340,timeout,Exceeded 90s,90.002
http://www.statcounters.net,1,phishing,163718,timeout,Exceeded 90s,90.001
http://mirek.com.ua/pre/,1,phishing,193141,timeout,Exceeded 90s,90.009
https://www.songshuhui.net,0,legitimate,205694,timeout,Exceeded 90s,90.009
https://banresevedominicana3301.jimdosite.com,1,phishing,74247,timeout,Exceeded 90s,90.014
http://valid4rnacional00.atsnx.com/?i=1,1,phishing,216773,timeout,Exceeded 90s,90.007
https://www.lombardifoundation.org,0,legitimate,40437,timeout,Exceeded 90s,90.004
http://www.okayspark.com,1,phishing,202364,timeout,Exceeded 90s,90.008
https://www.tufs.ac.jp,0,legitimate,167467,timeout,Exceeded 90s,90.011
http://myshedbuilder.com/myshedbuilder/wp-content/plugins/acesso/wp-view.php,1,phishing,117022,timeout,Exceeded 90s,90.002
https://metafb-z2bpmk7.firebaseapp.com/,1,phishing,11372,timeout,Exceeded 90s,90.009
http://www.itaalabama.org,1,phishing,32410,timeout,Exceeded 90s,90.007
https://www.nic.ba,0,legitimate,221681,timeout,Exceeded 90s,90.0
https://www.hycom.org,0,legitimate,88504,timeout,Exceeded 90s,90.016
https://wispy-water-0da7.u84799i09929.workers.dev/,1,phishing,185341,timeout,Exceeded 90s,90.004
http://www.nch.fbcode.co,1,phishing,184709,timeout,Exceeded 90s,90.006
http://www.binjaket.com,1,phishing,77165,timeout,Exceeded 90s,90.006
https://www.actahort.org,0,legitimate,127972,timeout,Exceeded 90s,90.007
https://www.bernardowinery.com,0,legitimate,220181,timeout,Exceeded 90s,90.001
https://www.droidafrica.net,0,legitimate,62819,timeout,Exceeded 90s,90.013
https://www.southplainscollege.edu,0,legitimate,20390,timeout,Exceeded 90s,90.002
http://www.becomestateman.com,1,phishing,27925,timeout,Exceeded 90s,90.008
https://www.numerix.com,0,legitimate,71673,timeout,Exceeded 90s,90.011
https://www.politaire.com,0,legitimate,136594,timeout,Exceeded 90s,90.002
https://www.getliving.com,0,legitimate,121114,timeout,Exceeded 90s,90.003
https://www.hebcal.com,0,legitimate,108887,timeout,Exceeded 90s,90.008
https://sites.google.com/view/mv-voicepage/home?authuser=8,1,phishing,47028,timeout,Exceeded 90s,90.007
https://demo2.cloudwp.dev/trial-8t4x5ttx/novllr/esm,1,phishing,224563,timeout,Exceeded 90s,90.002
http://www.lzjmqx.com,1,phishing,181185,timeout,Exceeded 90s,90.01
https://www.rwb.org,0,legitimate,95715,timeout,Exceeded 90s,90.012
https://www.naui.org,0,legitimate,148885,timeout,Exceeded 90s,90.015
https://storageapi.fleek.co/9db0d41e-e2fe-4afc-b36b-6d83510d030c-bucket/indexx.html,1,phishing,125972,timeout,Exceeded 90s,90.003
http://www.hbrvznwkx.info,1,phishing,62153,timeout,Exceeded 90s,90.001
https://www.clananalogue.org,0,legitimate,199412,timeout,Exceeded 90s,90.005
https://www.guitarchordsmagic.com,0,legitimate,68000,timeout,Exceeded 90s,90.012
https://www.katariba.or.jp,0,legitimate,46325,timeout,Exceeded 90s,90.003
https://www.rslab.ru,0,legitimate,189467,timeout,Exceeded 90s,90.009
https://www.mathrubhumi.com,0,legitimate,172313,timeout,Exceeded 90s,90.015
https://www.liquid-technologies.com,0,legitimate,210271,timeout,Exceeded 90s,90.015
https://www.newzealandchess.co.nz,0,legitimate,130408,timeout,Exceeded 90s,90.007
https://protect-4d56vca.surge.sh/,1,phishing,199913,timeout,Exceeded 90s,90.011
https://www.gripboard.com,0,legitimate,180650,timeout,Exceeded 90s,90.015
https://www.hotel-pontos.gr/wp-admin/maint/index.php,1,phishing,56483,timeout,Exceeded 90s,90.006
https://www.jewishinsandiego.org,0,legitimate,7862,timeout,Exceeded 90s,90.005
http://www.dwarfpool.com,1,phishing,88085,timeout,Exceeded 90s,90.001
https://www.danielmitsui.com,0,legitimate,134486,timeout,Exceeded 90s,90.013
https://www.geist.com,0,legitimate,33378,timeout,Exceeded 90s,90.002
http://www.nice.fburl.fun,1,phishing,112521,timeout,Exceeded 90s,90.007
https://www.onelessthing.net,0,legitimate,185508,timeout,Exceeded 90s,90.015
http://ingresoappmovil.eshost.com.ar/,1,phishing,139513,timeout,Exceeded 90s,90.01
https://sylviagindy.com/wp-admin/cn/liinkedinhardest/900/index.php,1,phishing,166743,timeout,Exceeded 90s,90.004
https://www.yuhistorija.com,0,legitimate,175082,timeout,Exceeded 90s,90.013
https://metacase106524672.web.app/,1,phishing,207525,timeout,Exceeded 90s,90.013
http://www.backbone.top,1,phishing,173616,timeout,Exceeded 90s,90.014
http://bancacom-paginas-paravos-servicios.atsnx.com/,1,phishing,34257,timeout,Exceeded 90s,90.002
http://www.freevideoproxy.com,1,phishing,28774,timeout,Exceeded 90s,90.01
http://www.zxvcoupirq.kl.com.ua,1,phishing,37106,timeout,Exceeded 90s,90.015
https://www.um.u-tokyo.ac.jp,0,legitimate,143346,timeout,Exceeded 90s,90.006
https://www.funcalls.com,0,legitimate,81971,timeout,Exceeded 90s,90.014
https://hotm.art/hxrgyq,1,phishing,4404,timeout,Exceeded 90s,90.004
https://www.elsblog.org,0,legitimate,162931,timeout,Exceeded 90s,90.01
http://www.rvice.com,1,phishing,225526,timeout,Exceeded 90s,90.011
https://www.gardenbuildingsdirect.co.uk,0,legitimate,32819,timeout,Exceeded 90s,90.004
https://www.restaurant.com,0,legitimate,158170,timeout,Exceeded 90s,90.003
http://www.skybor.fbcode.co,1,phishing,121460,timeout,Exceeded 90s,90.014
https://www.australiannationaldictionary.com.au,0,legitimate,199474,timeout,Exceeded 90s,90.015
http://www.jawwal.xyz,1,phishing,80605,timeout,Exceeded 90s,90.011
https://www.commissionfactory.com,0,legitimate,193521,timeout,Exceeded 90s,90.001
https://www.betterunite.com,0,legitimate,204367,timeout,Exceeded 90s,90.013
https://www.downergroup.com,0,legitimate,41002,timeout,Exceeded 90s,90.011
https://www.northernarapaho.com,0,legitimate,144937,timeout,Exceeded 90s,90.003
http://www.jdserralheria.com.br,1,phishing,163313,timeout,Exceeded 90s,90.007
http://bbshshbc.eshost.com.ar/,1,phishing,104100,timeout,Exceeded 90s,90.007
https://c.4qw.nl/ekpm2zdnj4w5uadbdawnnkmfjilzwabl,1,phishing,52189,timeout,Exceeded 90s,90.002
https://www.miinto.se,0,legitimate,223784,timeout,Exceeded 90s,90.004
https://www.eve.gd,0,legitimate,146956,timeout,Exceeded 90s,90.009
https://www.pactworld.org,0,legitimate,154808,timeout,Exceeded 90s,90.013
https://www.awortheyread.com,0,legitimate,117232,timeout,Exceeded 90s,90.008
https://www.qorkz.com,0,legitimate,47826,timeout,Exceeded 90s,90.005
https://www.disfrutabali.com,0,legitimate,235437,timeout,Exceeded 90s,90.002
https://www.texaco.com,0,legitimate,13468,timeout,Exceeded 90s,90.001
https://www.finance.si,0,legitimate,137003,timeout,Exceeded 90s,90.013
https://storageapi.fleek.co/b620e7da-f4f5-4e6e-8d8e-8c4c3783180b-bucket/vat1/index.html#a@b.com,1,phishing,32184,timeout,Exceeded 90s,90.005
https://www.tennesseeturquoisecompany.com,0,legitimate,235263,timeout,Exceeded 90s,90.0
https://www.nwfinancial.com,0,legitimate,137375,timeout,Exceeded 90s,90.003
https://www.liberale.de,0,legitimate,4093,timeout,Exceeded 90s,90.005
https://xfinity32.yolasite.com/,1,phishing,140263,timeout,Exceeded 90s,90.0
https://www.epiphan.com,0,legitimate,93010,timeout,Exceeded 90s,90.005
https://gateway.pinata.cloud/ipfs/bafybeicihzuv6jxfmyj5rea4rnbmy2fapf6mlm7fgwhe4qa4fgmcyxndp4,1,phishing,139146,timeout,Exceeded 90s,90.003
http://azuki-110716005.vercel.app/,1,phishing,169013,timeout,Exceeded 90s,90.002
https://www.vlijmlicht.be,0,legitimate,22519,timeout,Exceeded 90s,90.011
https://www.christymoore.com,0,legitimate,4754,timeout,Exceeded 90s,90.002
http://coinbassprologin.boxmode.io/,1,phishing,226833,timeout,Exceeded 90s,90.009
https://postamixe.web.app/,1,phishing,139327,timeout,Exceeded 90s,90.015
http://www.bombheros.com,1,phishing,226422,timeout,Exceeded 90s,90.002
https://www.dkom.hr,0,legitimate,71259,timeout,Exceeded 90s,90.009
https://87ml.short.gy/bnp-app,1,phishing,217297,timeout,Exceeded 90s,90.015
https://xfinity8.yolasite.com/,1,phishing,26596,timeout,Exceeded 90s,90.0
https://www.gottes-suche.de,0,legitimate,7366,timeout,Exceeded 90s,90.015
https://hellenicfedmed.org/,1,phishing,4080,timeout,Exceeded 90s,90.004
https://www.aidn.jp,0,legitimate,86744,timeout,Exceeded 90s,90.014
http://www.plasdic.com,1,phishing,200773,timeout,Exceeded 90s,90.002
https://www.advotisa.com,0,legitimate,207117,timeout,Exceeded 90s,90.01
http://www.message-serviceprovider.info,1,phishing,132108,timeout,Exceeded 90s,90.014
http://www.garagelivet.se,1,phishing,205773,timeout,Exceeded 90s,90.008
https://www.watertonparkhotel.co.uk,0,legitimate,225332,timeout,Exceeded 90s,90.014
https://www.gicaonline.com,0,legitimate,129426,timeout,Exceeded 90s,90.007
http://www.hoerbird.net,1,phishing,189575,timeout,Exceeded 90s,90.01
https://www.hillburn.org,0,legitimate,112731,timeout,Exceeded 90s,90.009
https://www.filmneweurope.com,0,legitimate,205112,timeout,Exceeded 90s,90.013
http://onx.la/7dd17,1,phishing,103129,timeout,Exceeded 90s,90.01
https://bbshhd4mdmf3.webcindario.com/,1,phishing,156289,timeout,Exceeded 90s,90.015
https://www.nespmarine.edu.au,0,legitimate,175985,timeout,Exceeded 90s,90.004
http://www.lhc.vg,1,phishing,101875,timeout,Exceeded 90s,90.013
https://www.littlecaribbean.nyc,0,legitimate,233217,timeout,Exceeded 90s,90.006
https://ipfs.best-practice.se/ipfs/bafybeigzmpo33abu5t5yamjvl3ajpjzaszy24azuk36ghxchtsopqqbyhi/link.html,1,phishing,58300,timeout,Exceeded 90s,90.015
http://www.fr.nf,1,phishing,149349,timeout,Exceeded 90s,90.011
http://www.portalsgn.com.br,1,phishing,85988,timeout,Exceeded 90s,90.011
http://www.logix.co.za,1,phishing,230495,timeout,Exceeded 90s,90.013
http://www.henkormerise.com,1,phishing,23102,timeout,Exceeded 90s,90.009
https://www.yourboxsolution.com,0,legitimate,170709,timeout,Exceeded 90s,90.01
https://www.aauw.org,0,legitimate,230014,timeout,Exceeded 90s,90.008
https://www.easacommunity.org,0,legitimate,96317,timeout,Exceeded 90s,90.002
https://storageapi-stg.fleek.co/76323ce1-bcf2-4691-bb00-b00ce8c0fc5a-bucket/adobe.html,1,phishing,33118,timeout,Exceeded 90s,90.004
https://www.tixbag.com,0,legitimate,136432,timeout,Exceeded 90s,90.003
https://www.loraliedesigns.com,0,legitimate,99787,timeout,Exceeded 90s,90.002
https://croisthegame.firebaseapp.com/,1,phishing,56526,timeout,Exceeded 90s,90.008
https://www.labnaha.com,0,legitimate,227214,timeout,Exceeded 90s,90.008
https://storageapi.fleek.co/f93bbabc-c9fe-416b-9895-abc3c414d6f4-bucket/tec6/index.html,1,phishing,42557,timeout,Exceeded 90s,90.004
https://storageapi.fleek.co/8fea9012-5a98-4540-8d2f-9ca1eb3641a7-bucket/wednsddayy.html,1,phishing,18148,timeout,Exceeded 90s,90.013
https://case10065624458904.web.app/,1,phishing,68254,timeout,Exceeded 90s,90.014
http://www.bhar.com.br,1,phishing,34046,timeout,Exceeded 90s,90.005
https://www.pinktogreenblog.com,0,legitimate,35474,timeout,Exceeded 90s,90.01
https://www.espaciohonduras.net,0,legitimate,229363,timeout,Exceeded 90s,90.006
https://activation-2d.web.app/,1,phishing,123907,timeout,Exceeded 90s,90.007
https://docuserve.w3spaces.com/serve.html,1,phishing,62301,timeout,Exceeded 90s,90.007
https://onlinequranteaching.com/public/cixhhxzs4x81yzegioucgoa6rj1aifhg,1,phishing,173859,timeout,Exceeded 90s,90.004
http://www.mining711.com,1,phishing,185347,timeout,Exceeded 90s,90.002
https://www.newted.org,0,legitimate,137029,timeout,Exceeded 90s,90.013
https://owner-accepts-pagees-2023.start.page/,1,phishing,195307,timeout,Exceeded 90s,90.002
https://www.mybrum.co.uk,0,legitimate,113835,timeout,Exceeded 90s,90.003
https://hvcu-sec.web.app/,1,phishing,153475,timeout,Exceeded 90s,90.002
http://www.eznetb.synology.me,1,phishing,164853,timeout,Exceeded 90s,90.013
https://www.asmarino.com,0,legitimate,52438,timeout,Exceeded 90s,90.003
http://www.rochun.org,1,phishing,164389,timeout,Exceeded 90s,90.0
https://9qr.de/a2mx7,1,phishing,174425,timeout,Exceeded 90s,90.013
https://www.womenshealthandfitness.com.au,0,legitimate,68854,timeout,Exceeded 90s,90.004
https://www.cusd200.org,0,legitimate,214353,timeout,Exceeded 90s,90.011
https://cryptofish.us/wet-list,1,phishing,130080,timeout,Exceeded 90s,90.012
https://www.war-veterans.org,0,legitimate,167397,timeout,Exceeded 90s,90.007
http://www.almoeqatar.com,1,phishing,108571,timeout,Exceeded 90s,90.007
https://www.allthebestfights.com,0,legitimate,44446,timeout,Exceeded 90s,90.013
https://microsoft252.yolasite.com/,1,phishing,196440,timeout,Exceeded 90s,90.005
https://www.mariasherow.com,0,legitimate,30003,timeout,Exceeded 90s,90.006
http://www.bvhff.fburl.fun,1,phishing,42979,timeout,Exceeded 90s,90.011
http://www.hobbyworkshop.com,1,phishing,231963,timeout,Exceeded 90s,90.011
http://www.zunan.com.tw,1,phishing,207395,timeout,Exceeded 90s,90.004
https://v.ht/yhigv?home-facebook-confirmation=,1,phishing,122997,timeout,Exceeded 90s,90.005
https://www.hirose.com,0,legitimate,38750,timeout,Exceeded 90s,90.007
https://www.bookmarkindia.in/,1,phishing,7643,timeout,Exceeded 90s,90.012
https://www.biodieseleducation.org,0,legitimate,120074,timeout,Exceeded 90s,90.005
http://mathdaz.eu5.net/index.html,1,phishing,57860,timeout,Exceeded 90s,90.013
https://proud-forest-446f.5lf96lk9.workers.dev/7fcf122b-982f-4a11-92a5-743a65b3b139,1,phishing,151526,timeout,Exceeded 90s,90.007
http://homebankiggaliciaar.atsnx.com/,1,phishing,132179,timeout,Exceeded 90s,90.012
https://www.crca.net,0,legitimate,232842,timeout,Exceeded 90s,90.002
http://www.ipchicken.com,1,phishing,71248,timeout,Exceeded 90s,90.013
https://www.lienitnow.com,0,legitimate,118517,timeout,Exceeded 90s,90.007
https://www.amoralora.com.br,0,legitimate,187386,timeout,Exceeded 90s,90.016
https://www.buffalohockeybeat.com,0,legitimate,182613,timeout,Exceeded 90s,90.003
https://www.divein.com,0,legitimate,222690,timeout,Exceeded 90s,90.008
https://www.vplp.fr,0,legitimate,68195,timeout,Exceeded 90s,90.007
https://www.airpurifierfirst.com,0,legitimate,162043,timeout,Exceeded 90s,90.012
